id,storeid,name,description,createdat,createdby
D1650Bf1-B5B9-4B71-Aeef-4E88D0B8033B,9B4Bf8Bf-2F5C-4680-Afe1-8014B371D518,10% De Bonificação Chá Blend,10% De Bonificação Chá Blend,2025-10-24 12:57:52.522000+00:00,Vida Leve - Compras
C62D7F8B-9Df0-401D-9899-3B1710159478,9B4Bf8Bf-2F5C-4680-Afe1-8014B371D518,Template - Promoções De Reposição,Template - Promoções De Reposição,2025-10-24 13:11:22.084000+00:00,Vida Leve - Compras
D89Cc9Cf-Ca1A-45C8-A694-76B6C4Ebded7,97674906-E4Bb-47Cf-9D9E-4Ebd7F4Ee919,Convite Ensaio - Outubro25,Convite Ensaio - Outubro25,2025-10-26 00:56:31.378000+00:00,Admin
7C215Abb-1D0A-4726-B378-A9E33B4Abdbd,1Af0098B-1276-47Db-95E5-8Ef8D43878B5,Teste Audio,Teste Audio,2025-10-27 20:41:44.261000+00:00,Admin
232A4Caa-Bc86-4A4C-8319-6D3Bd99806F8,1Af0098B-1276-47Db-95E5-8Ef8D43878B5,Teste Video,Teste Video,2025-10-28 16:24:36.962000+00:00,Admin
E769C6B8-Ffb7-4549-A353-9383A43E3021,6Dad43B9-E9E2-4318-94D8-800Ece3Fdea2,Promo - Cascao Recheado,Com Mais 2 Reais Tem Direito A Recheio No Cascão.,2026-01-28 11:56:18.643000+00:00,Polpanorte - Lucas
727B8F13-Af55-4D27-B7E0-452Fc97Bf2D3,21E1A735-Bfd6-40B6-Bbe1-35889F94Fadb,Inativo,,2025-11-03 15:17:21.945000+00:00,Cleber Melo
Ead556Ee-Fa49-4898-9F37-Bdfee0C51748,0C02619D-0C57-492D-9660-Dd0F357A2F0C,Campanha De Divulgação Almoço,Aumentar Pedidos No Período De Almoço.,2025-08-13 19:25:55.087000+00:00,Admin
Cfbb9C54-6131-4Ede-B394-6Cfd2B5B407E,01Ac4Ec3-F7E0-451D-Ab31-2Db1799816Ca,Mensagem Principal – Feijoada,,2025-07-24 18:17:30.128000+00:00,Admin
D0B41013-8831-41Be-9Bee-B9D21012Ca64,0C02619D-0C57-492D-9660-Dd0F357A2F0C,Campanha De Migração De Ifood,Fortalecer O Canal De Venda Direta.,2025-08-13 19:31:40.302000+00:00,Admin
2B248C67-59D9-4B29-93F1-357901F69895,B6Bc362F-Cb27-44Ac-A9C8-5E9B08263F86,Template De Divulgação De Almoço,Aumentar Pedidos No Período De Almoço Da Semana Passada (Exceto Ifood).,2025-08-15 13:55:49.460000+00:00,Admin
Aa336Fe6-F522-4Ab7-841E-Ec9Ea626Ad60,B6Bc362F-Cb27-44Ac-A9C8-5E9B08263F86,Template De Migração De Whatsapp,Fortalecer O Canal De Venda Direta.,2025-08-15 13:57:00.233000+00:00,Admin
036Ce52D-8B74-4B14-Ba7C-31B7F22191F9,1Caf86A9-Bab9-42B1-8A47-7A3F9E24F805,Campanha Migração De Ifood,Campanha Migração De Ifood,2025-12-04 14:27:10.706000+00:00,Robson - Casa Da Esfiha
Fbf20223-3Bd0-4Dc3-A82F-939B75887413,6E240E72-2948-443E-Bf4A-23243C0721D0,Cafe Da Manha,,2026-01-24 20:35:18.096000+00:00,Giralda Doceria
23B06A83-4Cc0-4Ee0-B329-344Ff35A6E5A,01Ac4Ec3-F7E0-451D-Ab31-2Db1799816Ca,Almoço,,2025-07-04 00:28:44.421000+00:00,Admin
5Aff101E-F00A-4Cee-B3B6-83C7F3E2Deb0,8Cc52834-D064-4C6A-8E08-8F33D4811872,Lanche Ou Amor Da Sua Vida?,Lanche Ou Amor Da Sua Vida?,2025-11-18 16:54:25.842000+00:00,Raquel Viana
129C481D-E25D-4Bc4-98E7-D0Fde2D48Fac,106Cd2Af-2375-40D3-Ab22-0172926F95F6,Sonho Recheado Grande,,2026-01-15 18:44:58.961000+00:00,Maiara De Carvalho Silva
B8F1486B-25A5-4F61-896A-40Eb54A37Ba5,Fd5Bc963-Ff69-40C4-B5D8-1709E233Fe02,Cliente 21 Dias Sem Pedir – Bebida Grátis,"Divulgar A Promoção Da Bebida Grátis, Levando O Cliente Diretamente Para A Pagina De Vendas.",2025-09-05 19:32:01.083000+00:00,Mordidela
93Bb0887-6351-4Fba-Bf53-94799909F489,0D756Ccf-7F47-4D8D-A2Fb-Aa78226A401D,"Template - Promoção R$ 45,90","Template - Promoção R$ 45,90",2025-09-25 15:45:04.813000+00:00,Agência Alca
79D7F1Fe-B906-46C0-8987-1Dd60087Dc24,1Af0098B-1276-47Db-95E5-8Ef8D43878B5,Migração Ifood,Migração De Clientes Da Plataforma Ifood Para A Plataforma De Delivery Próprio,2025-07-16 13:37:16.597000+00:00,Admin
F9B91135-9298-4049-A710-B83Bbe7D4063,106Cd2Af-2375-40D3-Ab22-0172926F95F6,Mensagem Principal – Hambúrguer Tradicional,,2026-01-15 18:56:30.790000+00:00,Maiara De Carvalho Silva
B385D414-2C6A-4891-8Bef-4E9B36Aab868,0F8A86Cb-Dd5B-4Edd-8558-Be543B1620B1,Campanha - Aniversariantes,Data De Aniversário,2026-01-19 18:57:59.721000+00:00,Polpanorte - Lucas
827C072C-4B8B-46Bc-A6Ca-Bcb99623Eace,Dbac911D-086E-4612-8Fac-Db980D0F7A63,🔥 Mensagem Principal — Bolo De Chocolate,,2026-01-15 19:29:21.592000+00:00,Maiara De Carvalho Silva
08160Aa3-86Aa-4866-Ae7C-4C2492C63926,01Ac4Ec3-F7E0-451D-Ab31-2Db1799816Ca,Promover Almoço,Mensagem Para Promover Almoço,2025-07-19 00:08:46.111000+00:00,Admin
Ac3E7D1A-0868-4B68-A618-47364550F8D1,069768C1-6Fdd-4833-939E-Ea9F51A7Dff9,Zacarias,Follow Up,2026-01-15 21:06:08.660000+00:00,Anderson Lima
0F188Fc2-2B0E-46D6-A459-873Bbf3694E1,Fd5Bc963-Ff69-40C4-B5D8-1709E233Fe02,Campanha Para Leads – Clientes Em Potencial,"A Campanha De Cupom De Desconto Tem Como Objetivo Direcionar O Cliente Diretamente Para O Site Já Com O Cupom Aplicado, Eliminando Etapas Na Compra",2025-09-05 19:25:01.645000+00:00,Mordidela
7Ebd1913-B18A-4A25-B5D3-D5B0B390B1Cc,2Fdc6149-Fbf3-442D-88Fe-C8375A86266D,Galpão Em Balsas/Ma,Galpão Em Balsas/Ma,2026-01-28 20:04:20.714000+00:00,Emanoel - Cerrado Imóveis
3Ed055E0-Ec37-4D02-8226-024F42251072,42C3B4Ba-0F3B-457A-8F36-5Cc42Dedf94C,Template 15% Off - Clientes Marketup,Template 15% Off - Clientes Marketup,2025-11-06 14:31:18.657000+00:00,Atelier Doce Amor
047B644A-67F4-459A-8787-37De28679910,0D756Ccf-7F47-4D8D-A2Fb-Aa78226A401D,"Template - Promoção R$59,90","Template - Promoção R$59,90",2025-11-05 18:39:50.873000+00:00,Agência Alca
Ac2900Bd-1150-45A6-Be28-170Cd42Cfbab,2Fdc6149-Fbf3-442D-88Fe-C8375A86266D,Imóvel Para Locação,Imóvel Para Locação,2026-01-29 13:08:35.306000+00:00,Admin
Cb1F1Df1-2A03-4070-A77A-90894E44Eb83,21E1A735-Bfd6-40B6-Bbe1-35889F94Fadb,Template - Pizza Promo + Refri 1.5L,Template - Pizza Promo + Refri 1.5L,2025-11-10 13:10:11.695000+00:00,Cleber Melo
Da2A9049-220C-4312-Be0D-5Befbdfcb25B,4Ba8925F-94Ab-4Bed-97B7-B07A22B6D31F,Asdf,Asdf,2025-09-02 17:39:51.151000+00:00,Admin
55E075Ac-762C-4A7E-Aac6-05F3394342B1,0D756Ccf-7F47-4D8D-A2Fb-Aa78226A401D,Template - Oferta Pizza G (Meio De Semana),Atrair Clientes No Meio De Semana Com Desconto Agressivo Na Pizza Grande + Entrega Grátis,2025-09-04 16:52:13.591000+00:00,Agência Alca
B797Abbf-Dac4-4319-83Dc-2B6Bbe0Ccf67,8Cc52834-D064-4C6A-8E08-8F33D4811872,Cp Combo Refri Gratis ( Conversão Site),Divulgar O Combo Promocional Direcionando O Cliente Diretamente Para A Página Da Promoção Para Concluir A Compra,2025-09-05 15:34:45.621000+00:00,Mordidela
2F8A0D25-F894-4351-8C24-B8Aff653287E,8Cc52834-D064-4C6A-8E08-8F33D4811872,"Cp Cupom R$10,00 ( Conversão Site)","A Campanha De Cupom De Desconto Tem Como Objetivo Direcionar O Cliente Diretamente Para O Site Já Com O Cupom Aplicado, Eliminando Etapas Na Compra",2025-09-05 15:39:29.789000+00:00,Mordidela
Da9Bae3B-5B82-4304-A0E7-41Cffdb6E808,1Af0098B-1276-47Db-95E5-8Ef8D43878B5,Peça Pelo Nosso Whatsapp,Direciona Clientes Para Fazer Pedidos Via Whatsapp,2025-07-17 14:01:27.339000+00:00,Admin
8A66F455-D12E-49Ea-9Bd1-14585002Fd40,0D756Ccf-7F47-4D8D-A2Fb-Aa78226A401D,Template - Oferta Pizza G (Fim De Semana),Atrair Clientes No Sábado Com Desconto Agressivo Na Pizza Grande.,2025-09-03 17:04:50.896000+00:00,Agência Alca
A26451Bd-751D-4062-8A45-53A8Ee9Ec208,42C3B4Ba-0F3B-457A-8F36-5Cc42Dedf94C,Teste Envio Atelier,Enviado Apenas Para Equipe.,2025-11-19 13:54:06.118000+00:00,Atelier Doce Amor
7F0Af8Fe-D19C-4F07-A252-9D16Da710035,069768C1-6Fdd-4833-939E-Ea9F51A7Dff9,Amilton,Follow Up,2026-01-15 21:08:06.972000+00:00,Anderson Lima
89492E4F-Ec9A-4Ea5-856A-197Cb8E04Fdb,1092E75C-Afb5-4992-869A-8D15C195A7C2,Cadastro E Boas-Vindas Com 10% Na Primeira Compra,Enviar Automaticamente Um Cupom De 10% Para Clientes Que Acabaram De Se Cadastrar,2026-01-15 23:30:48.567000+00:00,System
6C61A59F-5E88-4B6E-8817-37017A3Fb9E8,1092E75C-Afb5-4992-869A-8D15C195A7C2,Pós-Primeira Compra – Agradecimento,"Agradecer Pela Primeira Compra, Pedir Feedback E Incentivar A Segunda",2026-01-15 23:30:52.686000+00:00,System
49Fa2F30-0948-4Cfb-8D2F-3Aeea6963Fbe,Fd5Bc963-Ff69-40C4-B5D8-1709E233Fe02,Clientes Há 28 Dias Sem Pedir – R$12 De Desconto,Clientes Há 28 Dias Sem Pedir – R$12 De Desconto,2025-11-12 21:34:51.560000+00:00,Admin
B33878Fc-D521-42A7-B72D-Ed95Ba2Ce84F,42C3B4Ba-0F3B-457A-8F36-5Cc42Dedf94C,15% Off Para Clientes Do Whatsapp,15% Off Para Clientes Do Whatsapp,2025-11-06 14:36:02.805000+00:00,Atelier Doce Amor
02C06Fd5-3Dce-4360-945A-F73B326A78A2,E67A239E-9524-4865-B644-8Dd0Bddd2Bb1,Campanha - Aniversariante,Data De Aniversario,2026-01-19 19:01:42.331000+00:00,Polpanorte - Lucas
3D0342Ac-2179-4459-Abc7-E28F4913A307,F28B08C9-2101-48A5-A27F-2585F2Bf6823,"Clientes Com Ticket Acima De R$ 100,00 - Valorização + Incentivo",Oferecer Vantagem Exclusiva Para Clientes De Ticket Elevado,2026-01-29 17:04:59.456000+00:00,Admin
F991921E-412B-4778-91A4-41Ee0Dc9F53D,483Af9D2-7C76-4B9B-Ae0F-81Ef7F021568,Clientes Que Preferem Final De Semana,,2025-11-13 02:25:47.905000+00:00,Oniads
68A0870F-2230-4F69-Bc8C-41E1Cdf6Da9A,B6Bc362F-Cb27-44Ac-A9C8-5E9B08263F86,Clientes 28/30/56 Dias Sem Pedir - (Esfiha Doce),"Clientes 56 Dias Sem Pedir - Ganha Esfiha Doce A Escolha A Partir De 50,00",2025-11-28 18:36:31.572000+00:00,Robson - Casa Da Esfiha
60759461-11B6-4Eb7-A715-1F3Fe6E75069,B6Bc362F-Cb27-44Ac-A9C8-5E9B08263F86,4A Do Pastel E Fogazza Com R$2 De Desconto Pelo Aplicativo,4A Do Pastel E Fogazza Com R$2 De Desconto Pelo Aplicativo,2025-12-01 12:19:35.164000+00:00,Robson - Casa Da Esfiha
7Abb6117-12D9-43C7-8C52-De8B73E901D9,0C02619D-0C57-492D-9660-Dd0F357A2F0C,4A Do Pastel E Fogazza Com R$2 De Desconto Pelo Aplicativo,4A Do Pastel E Fogazza Com R$2 De Desconto Pelo Aplicativo,2025-12-01 12:41:40.463000+00:00,Robson - Casa Da Esfiha
24C458Aa-Bd28-4050-Ba8D-F8759D268B2F,42C3B4Ba-0F3B-457A-8F36-5Cc42Dedf94C,Audio Fim De Ano 2025 - Teste Samuel,,2025-12-01 15:35:30.928000+00:00,Admin
73C1Afa7-Cf4D-4851-89A9-0D69Dffe20C7,42C3B4Ba-0F3B-457A-8F36-5Cc42Dedf94C,Teste Texto,,2025-12-01 18:10:39.163000+00:00,Admin
Decff29F-A363-43C9-9947-4F83A87646Db,21E1A735-Bfd6-40B6-Bbe1-35889F94Fadb,Potenciais.,Potenciais.,2025-11-03 15:19:43.943000+00:00,Cleber Melo
5561A6C2-C975-4071-8De0-8693B0A77Bdc,1092E75C-Afb5-4992-869A-8D15C195A7C2,Aniversariante Do Mês,Convidar O Cliente A Comemorar No Mês Do Aniversário Com Benefício Especial,2026-01-15 23:30:48.584000+00:00,System
8212B548-54Ba-4000-A965-F18Cbdc44F28,21E1A735-Bfd6-40B6-Bbe1-35889F94Fadb,5 Compras + 14 Dias Sem Comprar,,2025-11-03 15:20:29.953000+00:00,Cleber Melo
39Bafdda-A0B5-46C7-80Ad-Cc1Baa0D4525,8Cc52834-D064-4C6A-8E08-8F33D4811872,"Cp Cupom R$ 7,00 ( Conversão Site)","O Objetivo É Aumentar As Vendas Recorrentes, Direcionando O Cliente Direto Para O Site Com O Cupom Já Aplicado.",2025-09-10 14:51:26.120000+00:00,Mordidela
6408Baff-46Ce-4023-B33B-6Aecf9F8E10F,1Fcd01E3-2Dba-4Af8-Ae58-C39060F3E575,Café Da Régia - 01,,2025-11-20 21:00:18.798000+00:00,Maiara De Carvalho Silva
4D56A090-8F38-4710-86Ec-93Fa1F7258F6,F28B08C9-2101-48A5-A27F-2585F2Bf6823,Ticket Baixo – Incentivar Compras Acima De R$ 50,Estimular Aumento De Ticket Médio,2026-01-29 17:04:59.471000+00:00,Admin
A836729E-1Fbe-4223-A0Ba-Cb0E8F7Ddcf1,1Caf86A9-Bab9-42B1-8A47-7A3F9E24F805,Promoção 22/11,Sábado E Feriado Prolongado Da Consciência Negra.,2025-11-22 21:52:48.837000+00:00,Jessica - Casa Da Esfiha Ms
325Ee6B9-417B-4A50-B56B-A4A9E68D0207,A6A267A8-E71B-4935-Ac9F-B778Eb739Fd4,1° Contato Leads - Sul Novo,Preimeiro Contatos Para Os Leads Da Zona Sul De Sp,2025-11-03 17:26:10.364000+00:00,Anderson Camargo
7088Ff6E-Aac4-45A1-A741-918B39Ea0A48,483Af9D2-7C76-4B9B-Ae0F-81Ef7F021568,Clientes Com 1 Pedidos,,2025-11-13 02:20:36.019000+00:00,Oniads
60166D83-Fc24-4E8E-8524-2F2C5562140B,Fd5Bc963-Ff69-40C4-B5D8-1709E233Fe02,Cliente 14 Dias Sem Pedir,"Campanha De Venda, Direcionando Cliente Diretamente Para O Site De Vendas.",2025-09-10 14:34:33.441000+00:00,Mordidela
84125F04-51E8-45Eb-B181-Aec6485E3195,17A0899A-73Bd-4Af5-8082-0Eb551650F26,Clientes Recentes – Manter Frequência,Aumentar A Recorrência De Clientes Que Compraram Nos Últimos 30 Dias,2026-01-14 22:46:07.619000+00:00,Admin
E4Cb1B46-47F4-443B-A46A-27Caa5E7Da3A,Aefd1124-D1D3-40A6-9B06-7F74Bfa58Fba,Ticket Baixo – Incentivar Compras Acima De R$ 50,Estimular Aumento De Ticket Médio,2026-01-14 22:48:43.546000+00:00,Admin
32E29576-89Ac-46A0-88A4-Fc6B829D4117,39946E25-8Ac3-43A4-8010-C883D2E0C637,Ticket Baixo – Incentivar Compras Acima De R$ 50,Estimular Aumento De Ticket Médio,2026-01-14 22:49:40.680000+00:00,Admin
C325D310-7330-450C-B3Ae-F239Ddac8E49,0C02619D-0C57-492D-9660-Dd0F357A2F0C,Clientes Que Fizeram Apenas 1/2 Pedidos,Clientes Que Fizeram Apenas 1/2 Pedidos,2025-12-01 12:41:59.495000+00:00,Robson - Casa Da Esfiha
Dd252Cc4-Fef1-484A-8A85-E084A1A1E1B9,D0B78249-59B8-4C16-B40C-B084B8Aa371E,Cadastro E Boas-Vindas Com 10% Na Primeira Compra,Enviar Automaticamente Um Cupom De 10% Para Clientes Que Acabaram De Se Cadastrar,2026-01-14 22:50:09.695000+00:00,Admin
E33Fe07D-3Fcf-421A-Aca7-5957D06Bba81,483Af9D2-7C76-4B9B-Ae0F-81Ef7F021568,Clientes Que Preferem Dia Da Semana,,2025-11-13 02:27:11.931000+00:00,Oniads
26B82Feb-Bf07-4933-Aeda-23Ef65A15Dd4,8Cc52834-D064-4C6A-8E08-8F33D4811872,Combo Brutão,Brutão,2025-11-13 13:44:30.150000+00:00,Raquel Viana
919Ba84D-986C-41Ed-8969-E0Db15D92541,483Af9D2-7C76-4B9B-Ae0F-81Ef7F021568,Clientes Campeões,,2025-11-13 19:47:40.929000+00:00,Oniads
Ae7B88F0-58F7-4Bf0-A6F4-3Fb37455Eb03,D0B78249-59B8-4C16-B40C-B084B8Aa371E,Aniversariante Do Mês,Convidar O Cliente A Comemorar No Mês Do Aniversário Com Benefício Especial,2026-01-14 22:50:09.744000+00:00,Admin
Daf2Affa-Fbc2-4738-9286-6A72Cc2B9114,8C4E96A9-A7B8-4B4C-A891-F600C9Eceee5,Preferido Do Café Da Manhã! 🥖🔥 02,,2025-11-20 20:34:47.837000+00:00,Maiara De Carvalho Silva
18F20D6C-1Adc-4A41-987A-Ea9244562Ebe,106Cd2Af-2375-40D3-Ab22-0172926F95F6,Bolinho De Carne - 02,,2025-11-26 19:50:31.204000+00:00,Maiara De Carvalho Silva
B3Dc274B-3Bb2-4F72-9Bee-A7Cf078A160E,0D756Ccf-7F47-4D8D-A2Fb-Aa78226A401D,Template - Semana Do Cliente,Campanha De Promoção Para Semana Do Cliente.,2025-09-16 13:13:12.332000+00:00,Agência Alca
813Db101-9Ca4-4958-912D-A7Af2Fb590A6,21E1A735-Bfd6-40B6-Bbe1-35889F94Fadb,Terça E Quarta,,2025-11-03 15:21:13.448000+00:00,Cleber Melo
6D6Fb3B8-2A57-4050-9Bef-Dc421B17C8C1,1092E75C-Afb5-4992-869A-8D15C195A7C2,Aniversariante Do Dia,Parabenizar O Cliente No Dia Do Aniversário E Oferecer Benefício Válido Por 7 Dias,2026-01-15 23:30:48.587000+00:00,System
1Ef47A57-3482-44D1-9830-2851Ac7E096D,1092E75C-Afb5-4992-869A-8D15C195A7C2,"Clientes Com Ticket Acima De R$ 100,00 - Valorização + Incentivo",Oferecer Vantagem Exclusiva Para Clientes De Ticket Elevado,2026-01-15 23:30:53.016000+00:00,System
A0685176-6081-40D4-Abab-48Bbf9329D24,F28B08C9-2101-48A5-A27F-2585F2Bf6823,Pós-Primeira Compra – Agradecimento,"Agradecer Pela Primeira Compra, Pedir Feedback E Incentivar A Segunda",2026-01-29 17:04:59.489000+00:00,Admin
03B3Ec68-Fe34-4064-8E83-68116598A52C,1Af0098B-1276-47Db-95E5-8Ef8D43878B5,Sentimos Sua Falta,Estamos Com Saudades!,2025-12-05 15:19:07.399000+00:00,Seeder
Cc8Bf3E2-0029-4844-B0Fa-1F7Cbb8523E4,6E240E72-2948-443E-Bf4A-23243C0721D0,Cashback A Vencer 7 Dias,,2026-01-19 19:02:54.871000+00:00,Giralda Doceria
Cfc034Ce-7E90-49Da-80Ef-B893D99E094B,0D756Ccf-7F47-4D8D-A2Fb-Aa78226A401D,Template - Black Friday,Template - Black Friday,2025-11-25 20:14:58.801000+00:00,Agência Alca
A37D0578-1890-4734-A9B9-41A2C2Ab53D6,1Fcd01E3-2Dba-4Af8-Ae58-C39060F3E575,Tortinha De Limão🍋‍🟩 - Sobremesa - 02,,2025-11-20 21:26:23.595000+00:00,Maiara De Carvalho Silva
6Fc07616-0F11-4F94-Abd3-212D2757D8D8,392C030B-95A1-42C9-B08C-C9C64Eed1246,Template De Almoço Da Villa - 01,🍽️ Seu Almoço Quentinho Está A Poucos Minutos De Você!,2025-11-26 13:48:03.336000+00:00,Maiara De Carvalho Silva
7B89Aba1-36F2-4Ce4-8D2D-9Aad960A6Fe6,9698049A-9F42-42E5-Afe4-6566C3Bbea07,Template Cashback,,2025-12-11 16:25:26.852000+00:00,Samuel Carvalho
E589Adf9-B421-4Eab-A635-Ac99Dfa18D2D,13B738E0-614F-4Fe2-9982-6D88867Bfa5A,Agenda Da Semana,,2025-12-15 11:35:29.285000+00:00,Agustina
8Fe31Db3-5Cdc-428E-B9Cc-Bc42B55C16Be,106Cd2Af-2375-40D3-Ab22-0172926F95F6,Sobremesa - Torta De Morango Grande - 02,,2025-11-26 19:27:38.561000+00:00,Maiara De Carvalho Silva
E0Bf738E-E91F-407A-9146-B4284B7Fa48E,0D756Ccf-7F47-4D8D-A2Fb-Aa78226A401D,Template - Combo Especial Da Casa,Template - Combo Especial Da Casa,2025-11-24 17:09:06.941000+00:00,Agência Alca
48Ec267B-962D-4026-A9Bf-9190719Caca8,1D376C83-8D4C-4273-Bb83-E0B7A7080041,Blackfriday - Polpanorte,Blackfriday,2025-11-24 14:51:13.317000+00:00,Polpanorte - Lucas
8Fbc17B3-3591-4117-B945-8D6Ec0A53Eef,1D376C83-8D4C-4273-Bb83-E0B7A7080041,28/11 Copo 500Ml,"[Nome Da Pessoa], Se Prepara, Porque Amanhã Vai Ser Incrível!

Vai Ter Muito Sabor, Cremosidade E O Copo De 500 Ml Por Um Preço Imperdível! 💜

Vem Cu",2025-11-27 13:27:57.270000+00:00,Polpanorte - Lucas
8Bd21D5E-Ded2-4Bdb-9987-5Ea981Fcb4B6,F28B08C9-2101-48A5-A27F-2585F2Bf6823,Aniversariante Do Mês,Convidar O Cliente A Comemorar No Mês Do Aniversário Com Benefício Especial,2026-01-29 17:04:59.611000+00:00,Admin
1Eff563C-7C1C-4904-8512-C808D662Ba56,1Caf86A9-Bab9-42B1-8A47-7A3F9E24F805,Black Friday,Promoção Válida De Quinta A Sexta!,2025-11-27 21:28:16.216000+00:00,Jessica - Casa Da Esfiha Ms
5407Ea76-D93D-41F6-91Cf-55647364Db68,01Ac4Ec3-F7E0-451D-Ab31-2Db1799816Ca,"Cafés, Cappuccinos E Chocolates",Baguetes Recheadas,2025-11-20 20:00:22.284000+00:00,Maiara De Carvalho Silva
80Fdc91E-E7A7-4884-8117-6Cf5C094Fde0,1Caf86A9-Bab9-42B1-8A47-7A3F9E24F805,Black Friday,Disponível Apenas De Quinta A Sexta,2025-11-28 12:28:28.400000+00:00,Jessica - Casa Da Esfiha Ms
Bda696Dd-A935-4739-B6C0-C50240043C3B,97674906-E4Bb-47Cf-9D9E-4Ebd7F4Ee919,Convite Ensaio Nov25 - Audio,,2025-11-28 13:32:58.137000+00:00,Admin
A134D1B0-2621-4C64-A064-510C08828494,97674906-E4Bb-47Cf-9D9E-4Ebd7F4Ee919,Convite Organistas,,2025-11-28 13:42:23.981000+00:00,Admin
B580C2A9-11A9-4Fa5-8Ebc-B5313833Bbe0,97674906-E4Bb-47Cf-9D9E-4Ebd7F4Ee919,Convite Nov25 - Encarregados,,2025-11-28 13:45:24.518000+00:00,Admin
B9998Db3-02A8-4932-Bc31-C5A334Ec771F,01Ac4Ec3-F7E0-451D-Ab31-2Db1799816Ca,Pizza - Cardápio Web,,2025-12-17 20:59:03.243000+00:00,Maiara De Carvalho Silva
455859Ae-4E6E-4C39-Bc43-Ff54Dd9Cb617,F7A936Fb-644A-436B-8907-7846B067865E,Mensagem Principal – Misto Quente,,2025-11-20 18:41:27.037000+00:00,Maiara De Carvalho Silva
C6585023-31Ae-4696-86Dd-Dce8D4F7882C,1092E75C-Afb5-4992-869A-8D15C195A7C2,Clientes Até 5 Pedidos – Estimular Fidelização,Ajudar Novos Clientes A Criarem O Hábito De Compra,2026-01-15 23:30:48.590000+00:00,System
E44E3603-64A1-4338-B381-D6D174Fa798A,0D860437-8F2F-4437-A866-811Bd07Ac367,Cliente Do Ifood,,2025-12-22 19:38:59.777000+00:00,Sai Burguer
F0942428-E438-4C5F-8E83-4F2074E8E4D7,13B738E0-614F-4Fe2-9982-6D88867Bfa5A,Campanha Fim De Ano Agustina,,2025-12-23 19:30:44.392000+00:00,Agustina
C145111C-D994-416E-B7B2-93Ac597D23B9,5818Afa9-3322-45A6-Bc5B-5D19E6Ea1F25,Reservas 29 De Dezembro,,2025-12-23 19:52:47.812000+00:00,Filipa
36583865-1380-4B8E-800C-55F98Fd45841,6E240E72-2948-443E-Bf4A-23243C0721D0,Aniversariante Do Mes,,2026-01-19 19:04:02.141000+00:00,Giralda Doceria
Fc44B878-De98-4392-8195-910C4D49C374,392C030B-95A1-42C9-B08C-C9C64Eed1246,Café Da Villa - Pedaço De Torta,,2025-11-20 21:39:09.586000+00:00,Maiara De Carvalho Silva
E974Db15-Fe35-49B9-9F95-D72516A71B7A,483Af9D2-7C76-4B9B-Ae0F-81Ef7F021568,Feijoada Do Caldo Bom Do Mateus,,,Oniads
Fc9539Ed-6777-4178-B26F-52Aaa9C871D7,B6Bc362F-Cb27-44Ac-A9C8-5E9B08263F86,Clientes Que Fizeram Apenas 1/2 Pedidos,Clientes Que Fizeram Apenas 1/2 Pedidos,2025-12-01 12:16:57.227000+00:00,Robson - Casa Da Esfiha
A876A126-6155-40Dc-B12D-9228A7F656E9,42C3B4Ba-0F3B-457A-8F36-5Cc42Dedf94C,Dezembro 20%Off,Campanha De 20% Off Em Qualquer Compra Durante Todo O Mês De Dezembro.,2025-12-01 14:51:13.351000+00:00,Atelier Doce Amor
F89Ef398-Bc79-4610-A4C1-09B61E493368,1092E75C-Afb5-4992-869A-8D15C195A7C2,Ticket Baixo – Incentivar Compras Acima De R$ 50,Estimular Aumento De Ticket Médio,2026-01-15 23:30:48.605000+00:00,System
11E084A7-27Ed-4F80-8Add-9D3Ec3B2Ccd5,392C030B-95A1-42C9-B08C-C9C64Eed1246,Sobremesa - Torta De Morango,,2025-11-20 21:46:18.517000+00:00,Maiara De Carvalho Silva
602716A6-Eacc-4A09-Bd8D-2133Ce86D533,1092E75C-Afb5-4992-869A-8D15C195A7C2,Clientes Ausentes +30 Dias (Reativação),Reativar Clientes Que Não Compram Há Mais De 30 Dias,2026-01-15 23:30:52.856000+00:00,System
A63C3B57-D9B9-4460-Aff4-4Dcba2897369,0100729C-1Bce-4809-96B7-896Eb9Dbe599,Campanha - Aniversariante,Data De Aniversário,2026-01-19 19:04:51.257000+00:00,Polpanorte - Lucas
7C4E90C7-0D9E-4E87-9Abc-71Fa6Bdc746A,483Af9D2-7C76-4B9B-Ae0F-81Ef7F021568,Clientes Com 2 Pedidos,,2025-11-13 02:21:49.306000+00:00,Oniads
0E6Afbb9-4F4D-4A05-8D2E-C0Cd5Da5D93A,0D860437-8F2F-4437-A866-811Bd07Ac367,Clientes Promissores,,2025-12-22 19:41:13.356000+00:00,Sai Burguer
A353Debb-283A-4Aec-B79C-Cd6B02463431,9698049A-9F42-42E5-Afe4-6566C3Bbea07,Cannolicrm - Mensagem Que Seu Cliente Poderia Receber,,2025-12-10 20:46:03.301000+00:00,Admin
30B52204-5508-4Bae-8Cf7-3283F42Dbd03,4Bb014Bb-8B1D-489A-Aded-2060F3Fda27E,Segunda Compra,"Voucher De R$ 10,00 Para Usar Em 7 Dias Para Clientes De Segunda Compra",2025-09-19 20:06:58.522000+00:00,Gabriel Storoli - Pizza B
B95F2370-A528-4Cab-B0Af-0747A06B4Cb0,4Bb014Bb-8B1D-489A-Aded-2060F3Fda27E,Cliente 6 Meses,"Utilização Do Cupom Pizzab10 Para Clientes Que Não Compram Há Mais De 6 Meses.
Usado Principalmente Para Quartas E Domingos.",2025-09-23 14:12:05.515000+00:00,Gabriel Storoli - Pizza B
0F626296-C996-4F94-Bb13-Ee7A8E19D8C6,483Af9D2-7C76-4B9B-Ae0F-81Ef7F021568,Clientes Perdidos,,2025-11-13 02:32:14.088000+00:00,Oniads
01Efb473-5D30-40D0-B029-28612593342B,01Ac4Ec3-F7E0-451D-Ab31-2Db1799816Ca,Template 28 Dias Sem Pedir - 02,Template 28 Dias Sem Pedir,2025-09-24 17:30:14.095000+00:00,Admin
4F5762B9-3430-4505-9C51-C4801629F498,99792B54-3864-420B-A5Df-354Ff67Ca28D,Clientes 1 Pedido,,2025-09-24 14:37:39.762000+00:00,Oniads
688B980B-7E16-4598-A244-135B430Eced9,99792B54-3864-420B-A5Df-354Ff67Ca28D,Todos Os Clientes,,2025-09-23 18:17:09.632000+00:00,Admin
B4Ada461-F4C6-4Bc1-A1B3-8Fa7Fd2Dab1F,Dbac911D-086E-4612-8Fac-Db980D0F7A63,Template Almoço Da Vilela - Omeletes Recheadas,Template Omeletes Recheadas,2025-09-24 17:59:52.548000+00:00,Admin
C2504505-3C5D-4777-8E9F-976C5B1394D9,Fd5Bc963-Ff69-40C4-B5D8-1709E233Fe02,Template - Mordidela Day - Link Anota Ai,Promoção Mordidela Day 17/09,2025-09-24 13:57:41.318000+00:00,Mordidela
64B239F4-Bf51-4F8D-B04A-657Ba01Fb164,4Bb014Bb-8B1D-489A-Aded-2060F3Fda27E,Quinta Do Maestro,Não Procure No Ifood! Essa É Exclusiva.,2025-09-19 12:20:37.960000+00:00,Gabriel Storoli - Pizza B
162D7521-65A4-48A3-9F17-3Af2A5Faa2B2,0D756Ccf-7F47-4D8D-A2Fb-Aa78226A401D,"Template - Cupom R$10,00 Ifood","Template - Cupom R$10,00 Ifood",2025-09-30 15:47:10.332000+00:00,Agência Alca
Eb823242-Aa15-4E17-Be81-5897A9E9Ace1,4Bb014Bb-8B1D-489A-Aded-2060F3Fda27E,Clientes 2 Pedidos,Template Usado Para Campanha Em Clientes Com Dois Pedidos Na Loja.,2025-10-02 12:13:52.240000+00:00,Gabriel Storoli - Pizza B
D6E9Bc76-7D80-42Eb-Ab94-29Fb3Ab20442,F7A936Fb-644A-436B-8907-7846B067865E,Mensagem Principal – Café Da Manhã,Mensagem Principal – Café Da Manhã,2025-11-11 17:03:52.931000+00:00,Maiara De Carvalho Silva
72D6Bd1A-8946-4Ba9-Bd4B-B0D59B911Ae4,0D860437-8F2F-4437-A866-811Bd07Ac367,Clientes Fiéis,,2025-12-22 19:42:23.588000+00:00,Sai Burguer
F25Bcda5-F6D0-4Ee7-B838-Eac094E4Aed4,F7A936Fb-644A-436B-8907-7846B067865E,*Pão De Queijo Com Requeijão (Gratinado)*!,"Mensagem Promocional Para Whatsapp Sobre O Pão De Queijo Com Requeijão  Da Padaria Maria Amália, Destacando Sabor, Frescor E Entrega Rápida Via Ifood.",2025-11-12 19:04:56.685000+00:00,Maiara De Carvalho Silva
Be8428D0-D7Cb-4Eca-8851-831Cf9405Bd5,4Bb014Bb-8B1D-489A-Aded-2060F3Fda27E,Irmandade Solidária,Campanha De Dia Das Crianças + Irmandade Solidária,2025-10-08 16:18:29.832000+00:00,Gabriel Storoli - Pizza B
A78B79E5-5D31-4Ea7-8D61-95Dfa03Afe2A,1Af0098B-1276-47Db-95E5-8Ef8D43878B5,Restaurantes Itapura - Captação De Leads (Teste),Restaurantes Itapura - Captação De Leads (Teste),2025-10-08 17:38:21.197000+00:00,Admin
614Bc2C3-F7Af-496C-B869-Ba2B8F926815,Fd5Bc963-Ff69-40C4-B5D8-1709E233Fe02,Clientes +30 Dias Sem Pedir,Clientes +30 Dias Sem Pedir,2025-10-08 22:39:36.404000+00:00,Admin
6Fa8D15A-3Df7-471D-938B-A6E7Cc90Ea11,Fd5Bc963-Ff69-40C4-B5D8-1709E233Fe02,Milk Shake Para Clientes +5 Pedidos,Milk Shake Para Clientes +5 Pedidos,2025-10-08 23:00:05.988000+00:00,Admin
4D8A43E5-3A5D-4051-Bd9B-93991E6E763D,1Af0098B-1276-47Db-95E5-8Ef8D43878B5,Imagem Para Leads Evento Roraima,,2025-12-01 15:19:22.645000+00:00,Admin
D2C91Cd8-F005-4F3D-A593-Fd288D489867,Fd5Bc963-Ff69-40C4-B5D8-1709E233Fe02,Vendas Após As 16H,Vendas Após As 16H,2025-10-08 22:49:59.057000+00:00,Admin
A103039A-D1B8-47E5-84Cc-915Dd1E64B73,17A0899A-73Bd-4Af5-8082-0Eb551650F26,Ticket Baixo – Incentivar Compras Acima De R$ 50,Estimular Aumento De Ticket Médio,2026-01-14 22:46:07.623000+00:00,Admin
57Baaf3C-83C5-4Bb8-86F4-2D3513815C20,5F30B411-Fad3-437C-88B4-Ca78C96A13E7,Pós-Segunda Compra – Estímulo À Terceira,Incentivar O Cliente A Realizar A Terceira Compra E Consolidar O Início Do Hábito De Recompra,2026-01-14 22:49:15.353000+00:00,Admin
424Be437-412D-4D1F-A4Bb-69E0565250Db,1092E75C-Afb5-4992-869A-8D15C195A7C2,Nome Do Dia – Convite Especial,Convidar Clientes Com O Nome Selecionado Para Visitar Em Dias De Baixa Demanda,2026-01-15 23:30:48.601000+00:00,System
5Dd14Ce0-Aab4-4F38-8Efd-Cccdc10Df22E,1D376C83-8D4C-4273-Bb83-E0B7A7080041,Dia Do Smoothie,Dia Do Smoothie,2025-11-10 19:04:08.601000+00:00,Polpanorte - Lucas
8E1F96F1-D15B-4Ad1-B2Af-Cf8Cdc3Bbf2D,483Af9D2-7C76-4B9B-Ae0F-81Ef7F021568,+30 Dias Sem Pedi,,2025-10-16 16:45:36.095000+00:00,Oniads
11Cc7461-Ba6C-4031-Ba48-0411F2C8E945,1Fc00824-25Fd-4D94-Ad69-5B95Cb468A43,Campanha - Aniversariante,Data De Aniversariante,2026-01-19 19:07:29.126000+00:00,Polpanorte - Lucas
86876Ec0-95Ad-4A95-A3E7-D274E767A615,483Af9D2-7C76-4B9B-Ae0F-81Ef7F021568,Clientes Fiéis,,2025-10-16 16:49:17.326000+00:00,Oniads
Fc52F234-0071-4199-8Ea3-2E01837C3337,483Af9D2-7C76-4B9B-Ae0F-81Ef7F021568,Hibernação,,2025-10-16 16:51:21.074000+00:00,Oniads
077B129C-F663-435E-89B9-D1Dc78A631Fd,483Af9D2-7C76-4B9B-Ae0F-81Ef7F021568,Clientes Perdidos,,2025-10-16 16:53:08.323000+00:00,Oniads
6E859F4D-5901-4Fe5-Ad36-Bfa0190B568F,Aefd1124-D1D3-40A6-9B06-7F74Bfa58Fba,Aniversariante Do Dia,Parabenizar O Cliente No Dia Do Aniversário E Oferecer Benefício Válido Por 7 Dias,2026-01-14 22:48:43.547000+00:00,Admin
27E90230-6D13-4Da4-88Af-Ed3Ccb87Ba60,39946E25-8Ac3-43A4-8010-C883D2E0C637,Clientes Até 5 Pedidos – Estimular Fidelização,Ajudar Novos Clientes A Criarem O Hábito De Compra,2026-01-14 22:49:40.684000+00:00,Admin
75B02752-F98C-46Dc-8Eb6-A2E242E3A127,D0B78249-59B8-4C16-B40C-B084B8Aa371E,Clientes Recentes – Manter Frequência,Aumentar A Recorrência De Clientes Que Compraram Nos Últimos 30 Dias,2026-01-14 22:50:09.700000+00:00,Admin
6A952A85-6501-48A9-Ac5A-Aa1B01670F80,483Af9D2-7C76-4B9B-Ae0F-81Ef7F021568,Primeira Compra,,2025-10-16 17:05:20.076000+00:00,Oniads
5C62780B-94Eb-4186-Aa89-25Ffc473C43F,483Af9D2-7C76-4B9B-Ae0F-81Ef7F021568,Cliente Em Risco,,2025-10-16 17:06:41.073000+00:00,Oniads
10F6Cf40-58A5-413A-B4D2-Dfe16Afd656D,483Af9D2-7C76-4B9B-Ae0F-81Ef7F021568,Nps,,2025-10-21 20:49:05.711000+00:00,Oniads
9C892Eea-Bb37-4416-81C8-558C29B1D761,01Ac4Ec3-F7E0-451D-Ab31-2Db1799816Ca,Teste Ifood,Teste Ifood,2025-11-10 19:36:31.496000+00:00,Maiara De Carvalho Silva
021Eecbc-3543-45E7-A819-0820E32B8C66,45F9Fac9-7A83-4Da2-9011-39816A4Bf0A8,Novo Cardápio Digital,,2025-11-10 20:34:04.457000+00:00,Agência Sower
D34Dd762-7566-40Cf-97Db-9745E61Aa74A,Fd5Bc963-Ff69-40C4-B5D8-1709E233Fe02,Audio Para Clientes Há Tempos Sem Pedir,Audio Para Clientes Há Tempos Sem Pedir,2025-11-12 21:19:41.713000+00:00,Admin
9Ad1C390-841C-40A3-A778-9B796A30601D,483Af9D2-7C76-4B9B-Ae0F-81Ef7F021568,Sopa De Legumes,,2025-11-13 02:23:32.146000+00:00,Oniads
4888Ac88-832B-4Ae1-99Dc-658D28Fbfe4D,483Af9D2-7C76-4B9B-Ae0F-81Ef7F021568,Clientes Que Pediram No Ifood,,2025-11-13 02:35:07.125000+00:00,Oniads
90651B45-B13A-4539-A563-Cee0D2A719C4,42C3B4Ba-0F3B-457A-8F36-5Cc42Dedf94C,15%Off Para Clientes Goomer,Campanha Válida Até Dia 31/12.,2025-11-13 14:50:19.675000+00:00,Atelier Doce Amor
6754B1E2-Bd16-4D23-B91A-575D5Ace15Cb,1092E75C-Afb5-4992-869A-8D15C195A7C2,Clientes Recentes – Manter Frequência,Aumentar A Recorrência De Clientes Que Compraram Nos Últimos 30 Dias,2026-01-15 23:30:48.611000+00:00,System
7401E6C5-5B54-454B-B284-D7E8268Ad27C,A8Ad2209-4A89-4802-8Bf1-E30F999A3982,Campanha - Aniversariante,Data De Aniversário,2026-01-19 19:11:18.972000+00:00,Polpanorte - Lucas
E90Ffe5D-B48E-4915-Bee7-3888F5F5Fabd,0D860437-8F2F-4437-A866-811Bd07Ac367,Cliente Com 0 Pedidos,,2025-12-02 01:14:49.955000+00:00,Sai Burguer
59905Afd-F186-4D77-81C2-Aa2E2820B7F3,0D860437-8F2F-4437-A866-811Bd07Ac367,Cliente Com 1 Pedido,,2025-12-02 01:16:22.914000+00:00,Sai Burguer
88B215Af-A945-4789-9136-6238C9D314Fe,0D860437-8F2F-4437-A866-811Bd07Ac367,Clientes +30 Dias Sem Pedir,,2025-12-02 01:17:50.056000+00:00,Sai Burguer
3B564226-6Ed3-4Fdf-999F-98C868B0A2Cf,0D860437-8F2F-4437-A866-811Bd07Ac367,Clientes Recentes – Últimos 30 Dias,,2025-12-02 01:19:26.922000+00:00,Sai Burguer
64Ebe5C1-7B38-474A-B1C4-5425B3A80F3E,8Eccb620-5990-433F-8C9B-D77D0F1Da591,20% De Desconto - Volta Clientes,20% De Desconto - Volta Clientes,2025-12-04 18:34:18.393000+00:00,Admin
0807Ac90-8501-4Faf-Abaf-F81C4Bb8451D,8Cc52834-D064-4C6A-8E08-8F33D4811872,Combo Familiar,Combo Familiar,2025-12-02 21:35:11.713000+00:00,Raquel Viana
3998E76C-5F27-4007-B826-C2Eda897B702,9E69D92E-Fff3-4500-B77A-C429Cc312Da5,Cliente Que Não Compra Faz 30 Dias,Cliente Que Não Compra Faz 30 Dias,2025-12-03 00:02:59.906000+00:00,Bolos Miraculosos - Daniel
C5552083-556C-46E8-857A-761Ae729B292,9E69D92E-Fff3-4500-B77A-C429Cc312Da5,10% Para Quem Nunca Comprou,10% Para Quem Nunca Comprou,2025-12-02 15:21:55.662000+00:00,Admin
4B28A40F-Dfcb-4F91-88Ed-C31756953B9F,0C02619D-0C57-492D-9660-Dd0F357A2F0C,Clientes 28/30/56 Dias Sem Pedir - (Esfiha Doce),Clientes 28/30/56 Dias Sem Pedir - (Esfiha Doce),2025-12-01 12:41:19.977000+00:00,Robson - Casa Da Esfiha
A04C232F-Db63-4B74-9Bc9-D162E5Eb5B8C,9E69D92E-Fff3-4500-B77A-C429Cc312Da5,Aniversariante Do Mês,Aniversariante Do Mês,2025-12-05 02:47:50.115000+00:00,Bolos Miraculosos - Daniel
86Fb6C83-44C6-4E42-Bc8B-C72Ce48Ac539,1Af0098B-1276-47Db-95E5-8Ef8D43878B5,Obrigado Pelo Primeiro Pedido,,2025-12-05 15:19:07.987000+00:00,Seeder
2923168F-9D5B-4A65-99D9-Afd062Ffa606,3F0Dba5F-C1F2-4C74-B8B4-318Eff71031C,Template Cashback,,2025-12-05 15:50:10.436000+00:00,Admin
Debc983A-3371-42Fd-Ba88-0Cac15463F44,B70F7Bdc-3543-459B-9312-6A108Aa3F117,Clientes Ausentes +30 Dias (Reativação),Reativar Clientes Que Não Compram Há Mais De 30 Dias,2025-12-05 18:56:41.963000+00:00,Admin
Ddea6512-7A36-4C98-B44B-8Ec8F3A94B7C,B70F7Bdc-3543-459B-9312-6A108Aa3F117,Clientes Potenciais (Nunca Compraram),Incentivar Clientes Que Ainda Não Compraram A Fazer A Primeira Compra,2025-12-05 18:57:28.315000+00:00,Admin
E0C3F81E-A7D4-4251-Adc5-Bc7661F786B5,B70F7Bdc-3543-459B-9312-6A108Aa3F117,Clientes Recentes – Manter Frequência,Aumentar A Recorrência De Clientes Que Compraram Nos Últimos 30 Dias,2025-12-05 18:58:11.736000+00:00,Admin
Bf551A60-3318-4D67-81Db-Adb60Dad1334,B70F7Bdc-3543-459B-9312-6A108Aa3F117,Clientes Até 5 Pedidos – Estimular Fidelização,Ajudar Novos Clientes A Criarem O Hábito De Compra,2025-12-05 18:58:49.525000+00:00,Admin
Ea3Ce171-5Efc-4Ee2-B58E-Cfdaed617A52,B70F7Bdc-3543-459B-9312-6A108Aa3F117,Clientes Acima De 5 Pedidos – Valorizar Clientes Frequentes,Engajar E Reconhecer Clientes Que Já Compraram Mais De 5 Vezes,2025-12-05 18:59:38.290000+00:00,Admin
B801Bd79-9836-4A58-A47B-0Da0346Bc288,B70F7Bdc-3543-459B-9312-6A108Aa3F117,Ticket Baixo – Incentivar Compras Acima De R$ 50,Estimular Aumento De Ticket Médio,2025-12-05 19:00:11.333000+00:00,Admin
4Ae1337A-C48F-4B70-9505-A7B507Ce1874,B70F7Bdc-3543-459B-9312-6A108Aa3F117,"Clientes Com Ticket Acima De R$ 100,00 - Valorização + Incentivo",Oferecer Vantagem Exclusiva Para Clientes De Ticket Elevado,2025-12-05 19:01:25.208000+00:00,Admin
C12164F0-C462-4191-9Db4-Cdc1E1F72811,B70F7Bdc-3543-459B-9312-6A108Aa3F117,Aniversariante Do Mês,Convidar O Cliente A Comemorar No Mês Do Aniversário Com Benefício Especial,2025-12-05 19:03:37.488000+00:00,Admin
096F304D-Ea74-41B0-941E-A81E07775E6C,B70F7Bdc-3543-459B-9312-6A108Aa3F117,Aniversariante Do Dia,Parabenizar O Cliente No Dia Do Aniversário E Oferecer Benefício Válido Por 7 Dias,2025-12-05 19:04:10.952000+00:00,Admin
Fcb675A9-E606-4D0F-8E43-7C1Bf6E55Aa0,B70F7Bdc-3543-459B-9312-6A108Aa3F117,Nome Do Dia – Convite Especial,Convidar Clientes Com O Nome Selecionado Para Visitar Em Dias De Baixa Demanda,2025-12-05 19:04:57.472000+00:00,Admin
D7980Bd3-1C9A-4430-8694-De87C73Bfbbc,B70F7Bdc-3543-459B-9312-6A108Aa3F117,Pós-Primeira Compra – Agradecimento,"Agradecer Pela Primeira Compra, Pedir Feedback E Incentivar A Segunda",2025-12-05 19:05:32.576000+00:00,Admin
Dbea382E-31B6-403B-8396-82110306Cc22,B70F7Bdc-3543-459B-9312-6A108Aa3F117,Pós-Segunda Compra – Estímulo À Terceira,Incentivar O Cliente A Realizar A Terceira Compra E Consolidar O Início Do Hábito De Recompra,2025-12-07 20:03:54.114000+00:00,Admin
4Fa854B4-077A-415B-B4De-74F0Dc90E0Fa,4Bb014Bb-8B1D-489A-Aded-2060F3Fda27E,Terça Feira - 2 Pedidos,"Campanha Para Terça Feira, 9/12 E 16/12, Visando Buscar Clientes Para Estes Dias.",2025-12-08 14:42:07.747000+00:00,Gabriel Storoli - Pizza B
B9B6C376-A1C4-4848-B609-D0Bd2B5Ee3E9,B70F7Bdc-3543-459B-9312-6A108Aa3F117,Ticket Baixo – Incentivar Compras Acima De R$ 50,Estimular Aumento De Ticket Médio,2025-12-08 17:54:55.601000+00:00,Admin
8F862871-C124-4E78-Ba64-6E001D8Cca27,2F89Fa97-27Cb-424C-A55C-31A8D4019551,Ticket Baixo – Incentivar Compras Acima De R$ 50,Estimular Aumento De Ticket Médio,2025-12-08 17:56:12.954000+00:00,Admin
022702De-37B0-4Bd4-809A-309402263Af2,2F89Fa97-27Cb-424C-A55C-31A8D4019551,Clientes Ausentes +30 Dias (Reativação),Reativar Clientes Que Não Compram Há Mais De 30 Dias,2025-12-08 17:57:19.197000+00:00,Admin
Bc36510E-7812-4683-A74F-817F63E04616,2F89Fa97-27Cb-424C-A55C-31A8D4019551,"Clientes Com Ticket Acima De R$ 100,00 - Valorização + Incentivo",Oferecer Vantagem Exclusiva Para Clientes De Ticket Elevado,2025-12-08 17:57:41.123000+00:00,Admin
6Bd8B7F2-254E-447D-B70B-D51848Bf9071,2F89Fa97-27Cb-424C-A55C-31A8D4019551,Pós-Segunda Compra – Estímulo À Terceira,Incentivar O Cliente A Realizar A Terceira Compra E Consolidar O Início Do Hábito De Recompra,2025-12-08 17:57:52.002000+00:00,Admin
Dd05F0F1-69A0-42Ef-Aa7F-7Fcff20C8768,2F89Fa97-27Cb-424C-A55C-31A8D4019551,Pós-Primeira Compra – Agradecimento,"Agradecer Pela Primeira Compra, Pedir Feedback E Incentivar A Segunda",2025-12-08 17:58:00.406000+00:00,Admin
846Dc4F0-1959-4A28-B8C0-96A4C31Fd2F9,2F89Fa97-27Cb-424C-A55C-31A8D4019551,Aniversariante Do Mês,Convidar O Cliente A Comemorar No Mês Do Aniversário Com Benefício Especial,2025-12-08 17:58:13.646000+00:00,Admin
Eabb9Ee5-38D4-45D1-B85C-F3Ef4Eb2E088,2F89Fa97-27Cb-424C-A55C-31A8D4019551,Clientes Recentes – Manter Frequência,Aumentar A Recorrência De Clientes Que Compraram Nos Últimos 30 Dias,2025-12-08 17:58:24.385000+00:00,Admin
9039D6Ef-A394-47Cd-9Cd3-01D42D760Ed4,2F89Fa97-27Cb-424C-A55C-31A8D4019551,Aniversariante Do Dia,Parabenizar O Cliente No Dia Do Aniversário E Oferecer Benefício Válido Por 7 Dias,2025-12-08 17:58:33.342000+00:00,Admin
Caa5E1Af-413A-4D22-924D-C8181C72Bc49,2F89Fa97-27Cb-424C-A55C-31A8D4019551,Clientes Até 5 Pedidos – Estimular Fidelização,Ajudar Novos Clientes A Criarem O Hábito De Compra,2025-12-08 17:58:42.850000+00:00,Admin
D89318Cd-742A-42Da-B720-Ac625Dd6F5F6,2F89Fa97-27Cb-424C-A55C-31A8D4019551,Nome Do Dia – Convite Especial,Convidar Clientes Com O Nome Selecionado Para Visitar Em Dias De Baixa Demanda,2025-12-08 17:58:51.878000+00:00,Admin
9010Ec89-9009-486C-9C9D-07F44E6D9Ac0,2F89Fa97-27Cb-424C-A55C-31A8D4019551,Clientes Acima De 5 Pedidos – Valorizar Clientes Frequentes,Engajar E Reconhecer Clientes Que Já Compraram Mais De 5 Vezes,2025-12-08 17:59:01.396000+00:00,Admin
Eca2F958-Ff90-40F8-Aa8E-Fb31E8990C8D,2F89Fa97-27Cb-424C-A55C-31A8D4019551,Pós-Primeira Compra – Agradecimento,"Agradecer Pela Primeira Compra, Pedir Feedback E Incentivar A Segunda",2025-12-08 17:59:10.511000+00:00,Admin
2A28A04B-Efe2-4B38-Bcc9-1278424D2E14,2F89Fa97-27Cb-424C-A55C-31A8D4019551,Clientes Até 5 Pedidos – Estimular Fidelização,Ajudar Novos Clientes A Criarem O Hábito De Compra,2025-12-08 18:04:43.519000+00:00,Admin
89Ab7B97-6B90-489D-A598-Ff6B5C947Fe0,B70F7Bdc-3543-459B-9312-6A108Aa3F117,Cadastro E Boas-Vindas Com 10% Na Primeira Compra,Enviar Automaticamente Um Cupom De 10% Para Clientes Que Acabaram De Se Cadastrar,2025-12-08 15:26:55.732000+00:00,Admin
90831D27-560E-402C-9E2D-399C2104Ae65,2F89Fa97-27Cb-424C-A55C-31A8D4019551,Cadastro E Boas-Vindas Com %Off Na Primeira Compra,Enviar Automaticamente Um Cupom De 10% Para Clientes Que Acabaram De Se Cadastrar,2025-12-08 17:59:18.856000+00:00,Admin
C1F830Ab-8Ca1-4174-A88C-20Bd2505242E,1092E75C-Afb5-4992-869A-8D15C195A7C2,Ticket Baixo – Incentivar Compras Acima De R$ 50,Estimular Aumento De Ticket Médio,2026-01-15 23:30:48.776000+00:00,System
E8F42550-Eb63-47D8-Af25-68F31A6F6F9E,9Fbcb539-D291-43E2-A1B7-6E864C230B2D,Campanha - Aniversariante,Data De Aniversario,2026-01-19 19:20:44.150000+00:00,Polpanorte - Lucas
F68Af575-F87E-46B0-B2B5-5D91Ec32A253,0D860437-8F2F-4437-A866-811Bd07Ac367,Quarta Feira,,2025-12-22 19:43:12.453000+00:00,Sai Burguer
267De25C-1F08-428C-B408-089514977752,9698049A-9F42-42E5-Afe4-6566C3Bbea07,Feliz Ano Novo,,2025-12-30 19:49:05.682000+00:00,Admin
6862D030-53Ae-4A38-Bfb8-8Af1A6Fb2A35,8Cc52834-D064-4C6A-8E08-8F33D4811872,Cupom De 10% De Desconto Pra Clientes +30D Sem Pedir,Cupom De 10% De Desconto Pra Clientes +30D Sem Pedir,2026-01-07 17:35:20.449000+00:00,Raquel Viana
242B0Fbd-Dbdb-484C-981F-40D7Ab2Df3B5,8Cc52834-D064-4C6A-8E08-8F33D4811872,Combo Do Dia - Todos Os Dias,Combo Do Dia - Todos Os Dias,2026-01-07 17:26:48.629000+00:00,Mordidela - Operacional
3668B1E4-8337-4Fb0-A076-3850980Fe688,97674906-E4Bb-47Cf-9D9E-4Ebd7F4Ee919,Ofertas De 2A Feira,,2026-01-08 13:49:18.665000+00:00,Admin
55F63198-5F5A-4390-B33E-1E13D6F47E16,8C4E96A9-A7B8-4B4C-A891-F600C9Eceee5,Torta Ferrero Rocher- Sobremesa 02,"Template Promocional Para Divulgar A Mini Torta De Morango Da Padaria Gran Royalle, Com Chamada Irresistível Para Gerar Desejo E Aumentar As Vendas.",2025-11-12 18:23:41.754000+00:00,Maiara De Carvalho Silva
87Fa9562-4Dda-4Db0-Ac79-0A424B5A27E1,Dbac911D-086E-4612-8Fac-Db980D0F7A63,Café Da Padaria,,2026-01-09 11:52:06.890000+00:00,Maiara De Carvalho Silva
C0A4D158-18Db-40F5-Ae5A-0145Eb53De20,Fd5Bc963-Ff69-40C4-B5D8-1709E233Fe02,Feliz Ano Novo,Feliz Ano Novo,2026-01-09 16:43:04.754000+00:00,Admin
E48Fab95-C9Bc-47D9-Ab2C-28Fc55823F50,069768C1-6Fdd-4833-939E-Ea9F51A7Dff9,Lançamento,Conservador De Frituras - Air Flow,2026-01-12 21:12:29.086000+00:00,Anderson Lima
098Eebc9-5148-439D-95Ca-D6Da58Bc97Be,13B738E0-614F-4Fe2-9982-6D88867Bfa5A,Novo Almoço Executivo Janeiro 2026,,2026-01-13 16:56:38.795000+00:00,Agustina
E93Ec7Ce-B123-46C8-Ac31-9F148Fefa042,97674906-E4Bb-47Cf-9D9E-4Ebd7F4Ee919,Cashback Teste,Cashback Teste,2026-01-14 12:51:06.812000+00:00,Admin
F1207962-8415-4986-8E40-Dc09Aedc2130,17A0899A-73Bd-4Af5-8082-0Eb551650F26,Clientes Até 5 Pedidos – Estimular Fidelização,Ajudar Novos Clientes A Criarem O Hábito De Compra,2026-01-14 22:46:07.594000+00:00,Admin
71F6Dc16-91Be-4C28-Ae6B-481B888Dce79,17A0899A-73Bd-4Af5-8082-0Eb551650F26,Clientes Acima De 5 Pedidos – Valorizar Clientes Frequentes,Engajar E Reconhecer Clientes Que Já Compraram Mais De 5 Vezes,2026-01-14 22:46:07.646000+00:00,Admin
4A7311B2-04Ec-4D51-8456-A4337F1F0084,17A0899A-73Bd-4Af5-8082-0Eb551650F26,Pós-Primeira Compra – Agradecimento,"Agradecer Pela Primeira Compra, Pedir Feedback E Incentivar A Segunda",2026-01-14 22:46:07.676000+00:00,Admin
A94725Eb-E0D5-439B-9247-D87865693Ec6,Aefd1124-D1D3-40A6-9B06-7F74Bfa58Fba,Clientes Ausentes +30 Dias (Reativação),Reativar Clientes Que Não Compram Há Mais De 30 Dias,2026-01-14 22:48:43.548000+00:00,Admin
3C15Af49-Fa54-482B-8Fc5-Cc28B9848951,5F30B411-Fad3-437C-88B4-Ca78C96A13E7,Pós-Primeira Compra – Agradecimento,"Agradecer Pela Primeira Compra, Pedir Feedback E Incentivar A Segunda",2026-01-14 22:49:15.356000+00:00,Admin
A9Aa7A99-98Ee-46Ac-A5D3-C49D08902926,39946E25-8Ac3-43A4-8010-C883D2E0C637,Clientes Recentes – Manter Frequência,Aumentar A Recorrência De Clientes Que Compraram Nos Últimos 30 Dias,2026-01-14 22:49:40.690000+00:00,Admin
F9362932-2366-42B5-9557-Dbe1231F36A4,D0B78249-59B8-4C16-B40C-B084B8Aa371E,Clientes Ausentes +30 Dias (Reativação),Reativar Clientes Que Não Compram Há Mais De 30 Dias,2026-01-14 22:50:09.709000+00:00,Admin
9A52Fca6-E789-4033-B50D-F84Df5Eec22C,8C4E96A9-A7B8-4B4C-A891-F600C9Eceee5,Café Da Manhã Ou Lanche,,2026-01-15 11:50:04.123000+00:00,Maiara De Carvalho Silva
3Ddbf825-Af0F-47Ad-9268-4F7641156E23,8C4E96A9-A7B8-4B4C-A891-F600C9Eceee5,Torta Kinder Bueno (Pedaço),,2026-01-15 12:51:11.183000+00:00,Maiara De Carvalho Silva
D1A155A5-205F-43C4-Bd6D-E1644E60Ba97,8C4E96A9-A7B8-4B4C-A891-F600C9Eceee5,Campanha Noturna – Pizzas Gran Royalle,,2026-01-15 13:25:02.623000+00:00,Maiara De Carvalho Silva
49E4Ba7B-05F0-4934-9849-995424Dd2315,1092E75C-Afb5-4992-869A-8D15C195A7C2,Clientes Acima De 5 Pedidos – Valorizar Clientes Frequentes,Engajar E Reconhecer Clientes Que Já Compraram Mais De 5 Vezes,2026-01-15 23:30:48.789000+00:00,System
402D3F7D-E7B7-47D9-Ad28-6846589644B8,794C6C63-Da08-42A6-8Efb-205595089B8C,Campanha - Aniversariante,Data De Aniversario,2026-01-19 19:23:23.937000+00:00,Polpanorte - Lucas
31A1389A-7695-41C6-Ad8D-7A8F03573341,0D860437-8F2F-4437-A866-811Bd07Ac367,Clientes Que Compraram Ontem (Nps),,2025-12-22 19:47:58.171000+00:00,Sai Burguer
Ae63D7A1-1Ee0-45Fe-B856-3Cd135325163,97674906-E4Bb-47Cf-9D9E-4Ebd7F4Ee919,Cardapio Novo,,2026-01-08 13:50:24.988000+00:00,Admin
Fc963Efc-B301-4103-9723-2F4Aca3Be01C,17A0899A-73Bd-4Af5-8082-0Eb551650F26,Aniversariante Do Mês,Convidar O Cliente A Comemorar No Mês Do Aniversário Com Benefício Especial,2026-01-14 22:46:07.598000+00:00,Admin
555C4A59-7Ba9-41Fc-9B66-Aeefa805A1Ee,17A0899A-73Bd-4Af5-8082-0Eb551650F26,Aniversariante Do Dia,Parabenizar O Cliente No Dia Do Aniversário E Oferecer Benefício Válido Por 7 Dias,2026-01-14 22:46:07.689000+00:00,Admin
1E79F838-110B-463F-Aaac-Ccaae61D3914,Aefd1124-D1D3-40A6-9B06-7F74Bfa58Fba,Clientes Até 5 Pedidos – Estimular Fidelização,Ajudar Novos Clientes A Criarem O Hábito De Compra,2026-01-14 22:48:43.518000+00:00,Admin
1Edc1Dc9-41D8-4937-A1Fb-08B20D1Ae65B,Aefd1124-D1D3-40A6-9B06-7F74Bfa58Fba,Clientes Acima De 5 Pedidos – Valorizar Clientes Frequentes,Engajar E Reconhecer Clientes Que Já Compraram Mais De 5 Vezes,2026-01-14 22:48:43.551000+00:00,Admin
E1390E95-86Ee-4847-Be1C-27835B482917,Aefd1124-D1D3-40A6-9B06-7F74Bfa58Fba,Cadastro E Boas-Vindas Com 10% Na Primeira Compra,Enviar Automaticamente Um Cupom De 10% Para Clientes Que Acabaram De Se Cadastrar,2026-01-14 22:48:43.604000+00:00,Admin
5Aa7Ef0F-95E2-4720-B47F-3Ab35449B1Cd,5F30B411-Fad3-437C-88B4-Ca78C96A13E7,Clientes Acima De 5 Pedidos – Valorizar Clientes Frequentes,Engajar E Reconhecer Clientes Que Já Compraram Mais De 5 Vezes,2026-01-14 22:49:15.359000+00:00,Admin
73B1E9Fe-76Ac-4B94-997F-72E0415Edf48,39946E25-8Ac3-43A4-8010-C883D2E0C637,Clientes Acima De 5 Pedidos – Valorizar Clientes Frequentes,Engajar E Reconhecer Clientes Que Já Compraram Mais De 5 Vezes,2026-01-14 22:49:40.692000+00:00,Admin
20B08061-F275-41E2-8852-0532Ed213A2C,D0B78249-59B8-4C16-B40C-B084B8Aa371E,Pós-Primeira Compra – Agradecimento,"Agradecer Pela Primeira Compra, Pedir Feedback E Incentivar A Segunda",2026-01-14 22:50:09.710000+00:00,Admin
D6F2Da61-Ce65-4E42-A1Ea-500228874488,1092E75C-Afb5-4992-869A-8D15C195A7C2,Pós-Segunda Compra – Estímulo À Terceira,Incentivar O Cliente A Realizar A Terceira Compra E Consolidar O Início Do Hábito De Recompra,2026-01-15 23:30:49.813000+00:00,System
E1D2C8Ef-4Fc6-4Cac-92C5-763Ae1Ae3F00,6F70Cd42-25Eb-4F6B-994D-A134156F70Fe,Campanha - Aniversariante,Data De Aniversario,2026-01-19 19:25:53.070000+00:00,Polpanorte - Lucas
E86A7A76-5019-4142-Ad66-A76567E23B35,1092E75C-Afb5-4992-869A-8D15C195A7C2,Pós-Primeira Compra – Agradecimento,"Agradecer Pela Primeira Compra, Pedir Feedback E Incentivar A Segunda",2026-01-15 23:30:53.026000+00:00,System
68F665Dd-3Bc2-4B7E-9D74-C218F77129D9,4F22F901-8089-4555-B131-Adb9B724A343,Campanha - Aniversariante,Data De Aniversario,2026-01-19 19:28:19.177000+00:00,Polpanorte - Lucas
Ee6A1C4D-94Da-4Fd3-9B16-Bfe7Fc8Bb32E,F28B08C9-2101-48A5-A27F-2585F2Bf6823,Cadastro E Boas-Vindas Com 10% Na Primeira Compra,Enviar Automaticamente Um Cupom De 10% Para Clientes Que Acabaram De Se Cadastrar,2026-01-29 17:04:59.424000+00:00,Admin
A2Fb604B-A22C-4F32-9309-Bf3009Dcc538,F28B08C9-2101-48A5-A27F-2585F2Bf6823,Clientes Acima De 5 Pedidos – Valorizar Clientes Frequentes,Engajar E Reconhecer Clientes Que Já Compraram Mais De 5 Vezes,2026-01-29 17:04:59.506000+00:00,Admin
433A4F44-8B42-4C04-9968-7B1542077Fab,6F70Cd42-25Eb-4F6B-994D-A134156F70Fe,Campanha - Avaliação Google,Cliente Avalia E Ganha Um Cascão,2026-01-30 17:29:09.716000+00:00,Polpanorte - Lucas
B2859B4D-A694-4A4E-Bb8F-16Af665Ce66C,392C030B-95A1-42C9-B08C-C9C64Eed1246,Template De Natal Da Villa,,2025-11-28 16:21:01.455000+00:00,Maiara De Carvalho Silva
763A2398-8D27-4483-8B6B-B6A2F1C042C8,5818Afa9-3322-45A6-Bc5B-5D19E6Ea1F25,Ticket Baixo – Incentivar Compras Acima De R$ 50,Estimular Aumento De Ticket Médio,2025-12-10 20:17:49.179000+00:00,Admin
0845D543-5Fca-41Ab-826C-49946Ba30A56,5818Afa9-3322-45A6-Bc5B-5D19E6Ea1F25,Cadastro E Boas-Vindas Com 10% Na Primeira Compra,Enviar Automaticamente Um Cupom De 10% Para Clientes Que Acabaram De Se Cadastrar,2025-12-10 20:17:49.209000+00:00,Admin
3E785C09-09B2-4Db3-8488-D1Cf4632720E,5818Afa9-3322-45A6-Bc5B-5D19E6Ea1F25,Nome Do Dia – Convite Especial,Convidar Clientes Com O Nome Selecionado Para Visitar Em Dias De Baixa Demanda,2025-12-10 20:17:49.316000+00:00,Admin
3Bcc171A-A80B-4C4B-B8Bb-Bac9Ddd27E36,5818Afa9-3322-45A6-Bc5B-5D19E6Ea1F25,Pós-Primeira Compra – Agradecimento,"Agradecer Pela Primeira Compra, Pedir Feedback E Incentivar A Segunda",2025-12-10 20:17:49.320000+00:00,Admin
A69719A3-0D4F-4E94-8A2D-Aa1Eb0345806,5818Afa9-3322-45A6-Bc5B-5D19E6Ea1F25,Clientes Acima De 5 Pedidos – Valorizar Clientes Frequentes,Engajar E Reconhecer Clientes Que Já Compraram Mais De 5 Vezes,2025-12-10 20:17:49.331000+00:00,Admin
65369E35-D28E-447A-9Eea-9Df72F8D39B2,5818Afa9-3322-45A6-Bc5B-5D19E6Ea1F25,Pós-Segunda Compra – Estímulo À Terceira,Incentivar O Cliente A Realizar A Terceira Compra E Consolidar O Início Do Hábito De Recompra,2025-12-10 20:17:49.336000+00:00,Admin
De14D3F6-69E8-4Fd4-B6C5-D91C660B39B5,5818Afa9-3322-45A6-Bc5B-5D19E6Ea1F25,Pós-Primeira Compra – Agradecimento,"Agradecer Pela Primeira Compra, Pedir Feedback E Incentivar A Segunda",2025-12-10 20:17:49.342000+00:00,Admin
99614F9E-6E3D-46D6-9751-35Fe31706283,5818Afa9-3322-45A6-Bc5B-5D19E6Ea1F25,Aniversariante Do Dia,Parabenizar O Cliente No Dia Do Aniversário E Oferecer Benefício Válido Por 7 Dias,2025-12-10 20:17:49.348000+00:00,Admin
97Fc6A8A-2A0E-4543-9D51-90943C419A38,5818Afa9-3322-45A6-Bc5B-5D19E6Ea1F25,"Clientes Com Ticket Acima De R$ 100,00 - Valorização + Incentivo",Oferecer Vantagem Exclusiva Para Clientes De Ticket Elevado,2025-12-10 20:17:49.388000+00:00,Admin
Ab9448D9-49D0-499F-84Fd-7B8A2Ae6D248,5818Afa9-3322-45A6-Bc5B-5D19E6Ea1F25,Aniversariante Do Mês,Convidar O Cliente A Comemorar No Mês Do Aniversário Com Benefício Especial,2025-12-10 20:17:49.520000+00:00,Admin
5Ebfd438-69Eb-4C64-88D9-9C7A8E0D63C3,5818Afa9-3322-45A6-Bc5B-5D19E6Ea1F25,Clientes Ausentes +30 Dias (Reativação),Reativar Clientes Que Não Compram Há Mais De 30 Dias,2025-12-10 20:17:51.166000+00:00,Admin
F7E91Ac1-9D22-4Dd7-Aaa7-D7Bf7A665973,5818Afa9-3322-45A6-Bc5B-5D19E6Ea1F25,Clientes Até 5 Pedidos – Estimular Fidelização,Ajudar Novos Clientes A Criarem O Hábito De Compra,2025-12-10 20:17:51.170000+00:00,Admin
853Fc6C3-95B8-4C5A-9F19-Bda362A716E7,17A0899A-73Bd-4Af5-8082-0Eb551650F26,Pós-Primeira Compra – Agradecimento,"Agradecer Pela Primeira Compra, Pedir Feedback E Incentivar A Segunda",2026-01-14 22:46:07.608000+00:00,Admin
046Bd2Ea-3650-43C3-Bc1C-854195Afea0F,Aefd1124-D1D3-40A6-9B06-7F74Bfa58Fba,"Clientes Com Ticket Acima De R$ 100,00 - Valorização + Incentivo",Oferecer Vantagem Exclusiva Para Clientes De Ticket Elevado,2026-01-14 22:48:43.519000+00:00,Admin
E251F49D-8A0B-4340-827D-8A6F34D93E1A,Aefd1124-D1D3-40A6-9B06-7F74Bfa58Fba,Ticket Baixo – Incentivar Compras Acima De R$ 50,Estimular Aumento De Ticket Médio,2026-01-14 22:48:43.597000+00:00,Admin
175622Aa-Bec4-4Aec-8D52-8D9E6Ba5145E,5F30B411-Fad3-437C-88B4-Ca78C96A13E7,Pós-Primeira Compra – Agradecimento,"Agradecer Pela Primeira Compra, Pedir Feedback E Incentivar A Segunda",2026-01-14 22:49:15.333000+00:00,Admin
541E1537-6220-4F54-A74C-15F2Ec8Ca068,5F30B411-Fad3-437C-88B4-Ca78C96A13E7,Aniversariante Do Mês,Convidar O Cliente A Comemorar No Mês Do Aniversário Com Benefício Especial,2026-01-14 22:49:15.363000+00:00,Admin
E2D124F6-9A88-430F-Aed4-Cd80547Ba255,5F30B411-Fad3-437C-88B4-Ca78C96A13E7,"Clientes Com Ticket Acima De R$ 100,00 - Valorização + Incentivo",Oferecer Vantagem Exclusiva Para Clientes De Ticket Elevado,2026-01-14 22:49:15.401000+00:00,Admin
045Fc962-F928-4770-9311-A3080306E630,39946E25-8Ac3-43A4-8010-C883D2E0C637,Pós-Primeira Compra – Agradecimento,"Agradecer Pela Primeira Compra, Pedir Feedback E Incentivar A Segunda",2026-01-14 22:49:40.694000+00:00,Admin
F0F014Ee-1B23-4Ccb-B342-B4029Aaad200,D0B78249-59B8-4C16-B40C-B084B8Aa371E,Ticket Baixo – Incentivar Compras Acima De R$ 50,Estimular Aumento De Ticket Médio,2026-01-14 22:50:09.715000+00:00,Admin
1265D984-3A59-4A7F-A004-021A8D8E5F40,B70F7Bdc-3543-459B-9312-6A108Aa3F117,Update Cashback,Atuaização Do Status De Cashback,2026-01-19 16:45:08.737000+00:00,Admin
A6815E50-0Ca8-4C48-9Af9-9D4Ff79D1240,6Dad43B9-E9E2-4318-94D8-800Ece3Fdea2,Campanha - Aniversariante Do Dia,Essa Campanha Será Enviada Para Cliente Que Fazem Aniversário No Dia.,2026-01-19 17:25:44.547000+00:00,Polpanorte - Lucas
2F5C1350-869F-43Cb-8163-D8169E3D89Ed,F28B08C9-2101-48A5-A27F-2585F2Bf6823,Update Cashback,Atuaização Do Status De Cashback,2026-01-29 17:04:59.426000+00:00,Admin
4Fbfbf9B-6E9A-49B8-Beea-25F3Afaf9E27,260231Be-A964-48Bb-Bf2E-A0C3A0Dbeca4,Campanha - Aniversariante,Data De Aniversário,2026-01-19 18:33:41.819000+00:00,Polpanorte - Lucas
846B5Cf3-04D2-48B1-8217-3265E7A5Bfd5,92E0B17F-C94B-445A-A36E-207220Bf3E08,Campanha - Aniversariante,Data De Aniversário,2026-01-19 19:30:44.173000+00:00,Polpanorte - Lucas
33314472-4945-4C6C-A6E4-9905397761D4,4Bb014Bb-8B1D-489A-Aded-2060F3Fda27E,Um Convite Para Sair Da Rotina Hoje,Campanha Para Quarta E Doingo,2026-01-21 14:03:18.677000+00:00,Gabriel Storoli - Pizza B
13B82Fa7-B233-4Fe4-8373-142C52C6F0A2,01Ac4Ec3-F7E0-451D-Ab31-2Db1799816Ca,Jantar,Incentivo Ao Cliente A Consumir O Jantar,2026-01-21 14:29:33.912000+00:00,Maiara De Carvalho Silva
4Cfde59C-441E-4Fc7-Bcd6-E36D4Bb77Fc7,5818Afa9-3322-45A6-Bc5B-5D19E6Ea1F25,Campanha Menu Verão Filipa,Campanha Para Divulgação Para Base Dos Clientes Dos Últimso Circuitos Gastronomicos De Bauru No Filipa,2026-01-21 20:27:26.685000+00:00,Filipa
47Cd3F13-7B05-4F4C-9273-9867364D32A5,0D860437-8F2F-4437-A866-811Bd07Ac367,Todos Os Clientes,,2026-01-22 18:03:50.356000+00:00,Sai Burguer
D4Ecee8E-Aa02-4333-Bbf9-55A4379B2Edb,F28B08C9-2101-48A5-A27F-2585F2Bf6823,Clientes Até 5 Pedidos – Estimular Fidelização,Ajudar Novos Clientes A Criarem O Hábito De Compra,2026-01-29 17:04:59.493000+00:00,Admin
Eb2B8Bf5-D468-4060-Bbcc-D22918A493A3,5818Afa9-3322-45A6-Bc5B-5D19E6Ea1F25,Clientes Recentes – Manter Frequência,Aumentar A Recorrência De Clientes Que Compraram Nos Últimos 30 Dias,2025-12-10 20:17:50.752000+00:00,Admin
07778842-2F78-4Bcd-8402-Bbc6C283A8Eb,17A0899A-73Bd-4Af5-8082-0Eb551650F26,Nome Do Dia – Convite Especial,Convidar Clientes Com O Nome Selecionado Para Visitar Em Dias De Baixa Demanda,2026-01-14 22:46:07.608000+00:00,Admin
E42A2581-E3A5-4134-8Bc1-D1B23D2968B2,Aefd1124-D1D3-40A6-9B06-7F74Bfa58Fba,Pós-Primeira Compra – Agradecimento,"Agradecer Pela Primeira Compra, Pedir Feedback E Incentivar A Segunda",2026-01-14 22:48:43.524000+00:00,Admin
F932836C-1F46-48Ba-8863-B7637Cc6Ad46,Aefd1124-D1D3-40A6-9B06-7F74Bfa58Fba,Clientes Recentes – Manter Frequência,Aumentar A Recorrência De Clientes Que Compraram Nos Últimos 30 Dias,2026-01-14 22:48:43.595000+00:00,Admin
670E0008-3C10-4834-A154-0C0724Ec59C2,5F30B411-Fad3-437C-88B4-Ca78C96A13E7,Ticket Baixo – Incentivar Compras Acima De R$ 50,Estimular Aumento De Ticket Médio,2026-01-14 22:49:15.334000+00:00,Admin
Ff02153B-7Db5-452E-Ad45-5Ec4066A6Fa2,5F30B411-Fad3-437C-88B4-Ca78C96A13E7,Ticket Baixo – Incentivar Compras Acima De R$ 50,Estimular Aumento De Ticket Médio,2026-01-14 22:49:15.393000+00:00,Admin
1A9669B6-E276-45B5-Bb5A-Fd7005A5D422,39946E25-8Ac3-43A4-8010-C883D2E0C637,Cadastro E Boas-Vindas Com 10% Na Primeira Compra,Enviar Automaticamente Um Cupom De 10% Para Clientes Que Acabaram De Se Cadastrar,2026-01-14 22:49:40.659000+00:00,Admin
33E09Ea3-35Ee-41F0-A843-B0E502765D57,39946E25-8Ac3-43A4-8010-C883D2E0C637,"Clientes Com Ticket Acima De R$ 100,00 - Valorização + Incentivo",Oferecer Vantagem Exclusiva Para Clientes De Ticket Elevado,2026-01-14 22:49:40.699000+00:00,Admin
F54A0Dff-17E8-470F-Be31-35054D56C17F,39946E25-8Ac3-43A4-8010-C883D2E0C637,Aniversariante Do Mês,Convidar O Cliente A Comemorar No Mês Do Aniversário Com Benefício Especial,2026-01-14 22:49:40.697000+00:00,Admin
84Cb1C2D-67Ee-41Bc-B0C8-C9Fdcab67Ec7,D0B78249-59B8-4C16-B40C-B084B8Aa371E,Pós-Primeira Compra – Agradecimento,"Agradecer Pela Primeira Compra, Pedir Feedback E Incentivar A Segunda",2026-01-14 22:50:09.721000+00:00,Admin
8Bc078D1-302D-48A8-94Bc-A218D3Cca9Ed,0C9B05F1-4F62-4513-A8E9-30964E1A5E4E,Campanha - Aniversariante,Data De Aniversário,2026-01-19 18:38:18.930000+00:00,Polpanorte - Lucas
694C7F6C-975F-437C-8F0E-80D12F4A945E,9Df6847D-7296-4A38-92E9-0Ef12Fed73Eb,Campanha - Aniversariante,Data De Aniversario,2026-01-19 19:35:43.726000+00:00,Polpanorte - Lucas
8988D9Ad-4Ddd-444A-Ad66-272C3A97A3B5,F28B08C9-2101-48A5-A27F-2585F2Bf6823,Clientes Ausentes +30 Dias (Reativação),Reativar Clientes Que Não Compram Há Mais De 30 Dias,2026-01-29 17:04:59.431000+00:00,Admin
2A1Cdc76-499F-4975-8A7D-F065879Ca20E,F28B08C9-2101-48A5-A27F-2585F2Bf6823,Nome Do Dia – Convite Especial,Convidar Clientes Com O Nome Selecionado Para Visitar Em Dias De Baixa Demanda,2026-01-29 17:04:59.504000+00:00,Admin
Ab820Ad7-C5D7-441C-Aa05-B5B0F3Ab0524,5818Afa9-3322-45A6-Bc5B-5D19E6Ea1F25,Ticket Baixo – Incentivar Compras Acima De R$ 50,Estimular Aumento De Ticket Médio,2025-12-10 20:17:51.027000+00:00,Admin
Ac97E333-7609-488B-910F-52Be993F6E07,13B738E0-614F-4Fe2-9982-6D88867Bfa5A,Cadastro E Boas-Vindas Com 10% Na Primeira Compra,Enviar Automaticamente Um Cupom De 10% Para Clientes Que Acabaram De Se Cadastrar,2025-12-10 20:18:15.363000+00:00,Admin
2420A87A-3Cbc-4376-840A-6527A3Ba93Bf,13B738E0-614F-4Fe2-9982-6D88867Bfa5A,Ticket Baixo – Incentivar Compras Acima De R$ 50,Estimular Aumento De Ticket Médio,2025-12-10 20:18:15.412000+00:00,Admin
68Bb8D21-62E0-4B9D-8A0E-501B41Fd1E63,13B738E0-614F-4Fe2-9982-6D88867Bfa5A,Clientes Até 5 Pedidos – Estimular Fidelização,Ajudar Novos Clientes A Criarem O Hábito De Compra,2025-12-10 20:18:15.417000+00:00,Admin
3F033Dc3-F7F4-4668-Bf5E-2Eae8A63Bcd3,13B738E0-614F-4Fe2-9982-6D88867Bfa5A,Nome Do Dia – Convite Especial,Convidar Clientes Com O Nome Selecionado Para Visitar Em Dias De Baixa Demanda,2025-12-10 20:18:15.422000+00:00,Admin
35E3Ed89-171D-41E6-87Be-D97Bb29A83F1,13B738E0-614F-4Fe2-9982-6D88867Bfa5A,Clientes Acima De 5 Pedidos – Valorizar Clientes Frequentes,Engajar E Reconhecer Clientes Que Já Compraram Mais De 5 Vezes,2025-12-10 20:18:15.426000+00:00,Admin
Ed736685-9643-43Ad-8247-D607760Af2F9,13B738E0-614F-4Fe2-9982-6D88867Bfa5A,"Clientes Com Ticket Acima De R$ 100,00 - Valorização + Incentivo",Oferecer Vantagem Exclusiva Para Clientes De Ticket Elevado,2025-12-10 20:18:15.447000+00:00,Admin
B9Aa055E-D674-4Cde-B15A-7950Fdec47Db,13B738E0-614F-4Fe2-9982-6D88867Bfa5A,Clientes Ausentes +30 Dias (Reativação),Reativar Clientes Que Não Compram Há Mais De 30 Dias,2025-12-10 20:18:15.452000+00:00,Admin
B18A4515-D2F0-4C58-B8A6-A3D091872B6A,13B738E0-614F-4Fe2-9982-6D88867Bfa5A,Aniversariante Do Dia,Parabenizar O Cliente No Dia Do Aniversário E Oferecer Benefício Válido Por 7 Dias,2025-12-10 20:18:15.482000+00:00,Admin
71Aeccf9-Ff22-4416-8A56-6C47C0E0C5B4,13B738E0-614F-4Fe2-9982-6D88867Bfa5A,Ticket Baixo – Incentivar Compras Acima De R$ 50,Estimular Aumento De Ticket Médio,2025-12-10 20:18:15.535000+00:00,Admin
029Da751-667F-4E30-A2Cd-6A75652Ad7D4,13B738E0-614F-4Fe2-9982-6D88867Bfa5A,Pós-Primeira Compra – Agradecimento,"Agradecer Pela Primeira Compra, Pedir Feedback E Incentivar A Segunda",2025-12-10 20:18:15.544000+00:00,Admin
C22Ba17D-8964-47D8-81F0-03965C57F7B0,13B738E0-614F-4Fe2-9982-6D88867Bfa5A,Pós-Primeira Compra – Agradecimento,"Agradecer Pela Primeira Compra, Pedir Feedback E Incentivar A Segunda",2025-12-10 20:18:16.867000+00:00,Admin
92E994B7-7C9D-4989-8D07-04Ee630D3Ed5,13B738E0-614F-4Fe2-9982-6D88867Bfa5A,Pós-Segunda Compra – Estímulo À Terceira,Incentivar O Cliente A Realizar A Terceira Compra E Consolidar O Início Do Hábito De Recompra,2025-12-10 20:18:17.214000+00:00,Admin
Ee9Ad393-5Ec6-4D76-Ad4A-80F6980156Ed,13B738E0-614F-4Fe2-9982-6D88867Bfa5A,Clientes Recentes – Manter Frequência,Aumentar A Recorrência De Clientes Que Compraram Nos Últimos 30 Dias,2025-12-10 20:18:17.221000+00:00,Admin
A20Cbed4-36Cc-486A-A301-2A760F9C9293,13B738E0-614F-4Fe2-9982-6D88867Bfa5A,Aniversariante Do Mês,Convidar O Cliente A Comemorar No Mês Do Aniversário Com Benefício Especial,2025-12-10 20:18:17.226000+00:00,Admin
Ea3999Cf-00Bd-4000-A231-F0C5564435E6,17A0899A-73Bd-4Af5-8082-0Eb551650F26,Cadastro E Boas-Vindas Com 10% Na Primeira Compra,Enviar Automaticamente Um Cupom De 10% Para Clientes Que Acabaram De Se Cadastrar,2026-01-14 22:46:07.611000+00:00,Admin
5Ae31245-C2Ec-42Ac-B264-050D30Da7Aee,17A0899A-73Bd-4Af5-8082-0Eb551650F26,Pós-Segunda Compra – Estímulo À Terceira,Incentivar O Cliente A Realizar A Terceira Compra E Consolidar O Início Do Hábito De Recompra,2026-01-14 22:46:07.678000+00:00,Admin
D2D1F2F8-9D7C-4C28-Bb75-0B78903D6741,Aefd1124-D1D3-40A6-9B06-7F74Bfa58Fba,Aniversariante Do Mês,Convidar O Cliente A Comemorar No Mês Do Aniversário Com Benefício Especial,2026-01-14 22:48:43.527000+00:00,Admin
495E77Ac-27B1-4C9E-Bdc8-Ada0F180Bb89,5F30B411-Fad3-437C-88B4-Ca78C96A13E7,Cadastro E Boas-Vindas Com 10% Na Primeira Compra,Enviar Automaticamente Um Cupom De 10% Para Clientes Que Acabaram De Se Cadastrar,2026-01-14 22:49:15.339000+00:00,Admin
3144Bb44-Dc57-4881-A8F7-Ed69Eaf69C7A,5F30B411-Fad3-437C-88B4-Ca78C96A13E7,Aniversariante Do Dia,Parabenizar O Cliente No Dia Do Aniversário E Oferecer Benefício Válido Por 7 Dias,2026-01-14 22:49:15.393000+00:00,Admin
3818Ee62-2C17-43Ee-935B-564Dde6Dbd5B,39946E25-8Ac3-43A4-8010-C883D2E0C637,Aniversariante Do Dia,Parabenizar O Cliente No Dia Do Aniversário E Oferecer Benefício Válido Por 7 Dias,2026-01-14 22:49:40.663000+00:00,Admin
F4Fd2B94-8E6B-439B-Aaa7-63B40D764193,39946E25-8Ac3-43A4-8010-C883D2E0C637,Pós-Segunda Compra – Estímulo À Terceira,Incentivar O Cliente A Realizar A Terceira Compra E Consolidar O Início Do Hábito De Recompra,2026-01-14 22:49:40.709000+00:00,Admin
Fbe53Cd0-B0Cb-48A6-Aad9-F3E93Fa949F8,D0B78249-59B8-4C16-B40C-B084B8Aa371E,Nome Do Dia – Convite Especial,Convidar Clientes Com O Nome Selecionado Para Visitar Em Dias De Baixa Demanda,2026-01-14 22:50:09.684000+00:00,Admin
A215Bc40-0C90-40E3-A5E8-5F0Cac83300B,Ad90C57D-5C1D-4C39-A749-9Bd728F2C772,Campanha - Aniversariante,Data De Aniversário,2026-01-19 18:41:20.125000+00:00,Polpanorte - Lucas
6F9E2C5F-2C7F-4183-Bf0B-C815E15C73C1,F28B08C9-2101-48A5-A27F-2585F2Bf6823,Pós-Segunda Compra – Estímulo À Terceira,Incentivar O Cliente A Realizar A Terceira Compra E Consolidar O Início Do Hábito De Recompra,2026-01-29 17:04:59.430000+00:00,Admin
E3E29F12-5B31-4Ebf-A9F5-Df0Db49Fe0Bd,F28B08C9-2101-48A5-A27F-2585F2Bf6823,Pós-Primeira Compra – Agradecimento,"Agradecer Pela Primeira Compra, Pedir Feedback E Incentivar A Segunda",2026-01-29 17:04:59.507000+00:00,Admin
52Cf39Ee-8Af2-4Cdd-A2Ac-1Bad2Ed532C8,125764B3-4916-4326-9C6B-D1F7B2Ffdc57,Clientes 1ª Compra (Incentivando A 2ª),"Agradecer Pela Primeira Compra, Pedir Feedback E Incentivar A Segunda",2025-12-10 20:18:31.993000+00:00,Admin
8F56C86B-B1C0-4F30-B03A-F09B2A8305A6,125764B3-4916-4326-9C6B-D1F7B2Ffdc57,Clientes Que Nunca Pediram (Oferecendo Desconto),Enviar Automaticamente Um Cupom De 10% Para Clientes Que Acabaram De Se Cadastrar,2025-12-10 20:18:31.830000+00:00,Admin
2Df76B8F-1Bbf-47E0-9Ee1-40F1D95Ae6Bc,125764B3-4916-4326-9C6B-D1F7B2Ffdc57,Clientes Da 2ª À 4ª Compra,Incentivar O Cliente A Realizar A Terceira Compra E Consolidar O Início Do Hábito De Recompra,2025-12-10 20:18:33.420000+00:00,Admin
5Fcf256D-Fd62-44C1-B251-87Eb5Fa83E74,125764B3-4916-4326-9C6B-D1F7B2Ffdc57,Clientes Com 5 Ou Mais Compras,Aumentar A Recorrência De Clientes Que Compraram Nos Últimos 30 Dias,2025-12-10 20:18:34.069000+00:00,Admin
572785C6-47Eb-4Aeb-A11C-D50Fd752Fbcf,9698049A-9F42-42E5-Afe4-6566C3Bbea07,Cannoloicrm - Você Conquista. O Cannoli Faz Voltar.,,2025-12-10 20:47:15.401000+00:00,Admin
1Cd01E2E-1Ad1-442A-A23A-Bfcf00355B19,9E69D92E-Fff3-4500-B77A-C429Cc312Da5,Campanha De Natal E Ano Novo,Campanha De Natal E Ano Novo,2025-12-16 13:07:43.554000+00:00,Bolos Miraculosos - Daniel
3F4D789C-004C-4D36-Bd4A-Fb0E9E714B95,8Cc52834-D064-4C6A-8E08-8F33D4811872,"Promoção R$95,90 - Ticket Médio Acima De R$50,00","Promoção R$95,90 - Ticket Médio Acima De R$50,00",2025-12-11 15:45:30.068000+00:00,Mordidela - Operacional
7F558B54-8899-473F-B155-66884B91Dd86,1D376C83-8D4C-4273-Bb83-E0B7A7080041,"Copo 500 Por 19,99",Promoçao De Novo Preço,2025-12-15 19:58:48.967000+00:00,Polpanorte - Lucas
Bf781A5C-5369-4Db2-B8Fc-36D2Ebee80Fd,Dfdeb26D-2695-40Fc-A518-57Bf4Aa4E81C,Campanha - Aniversariante,Data De Aniversario,2026-01-19 18:45:16.526000+00:00,Polpanorte - Lucas
Cae32608-1Ec4-4F6F-95Da-28823Cdfc801,8Cc52834-D064-4C6A-8E08-8F33D4811872,Horario De Funcionamento,Especial De Ano Novo,2025-12-11 18:24:39.447000+00:00,Raquel Viana
8C15A9Bd-F0C0-4968-81D7-0D4D14B33D3D,F28B08C9-2101-48A5-A27F-2585F2Bf6823,Clientes Recentes – Manter Frequência,Aumentar A Recorrência De Clientes Que Compraram Nos Últimos 30 Dias,2026-01-29 17:04:59.435000+00:00,Admin
9B1Fb777-Dafd-4B09-Acfc-496Daf30Db50,F28B08C9-2101-48A5-A27F-2585F2Bf6823,Aniversariante Do Dia,Parabenizar O Cliente No Dia Do Aniversário E Oferecer Benefício Válido Por 7 Dias,2026-01-29 17:04:59.508000+00:00,Admin
C51Da6E3-85D4-47E8-8A8A-81009D9D35B7,8B04A4D8-A0E4-4F9C-9272-5250326A10Af,Sobremesa Da Penha - 02,,2025-12-15 18:54:54.168000+00:00,Maiara De Carvalho Silva
B3Cc0F87-866C-4A93-B1B1-8Fc677706C94,8B04A4D8-A0E4-4F9C-9272-5250326A10Af,Café Da Padaria Penha - 03,,2025-12-15 18:50:24.489000+00:00,Maiara De Carvalho Silva
5564691B-F3B4-48Dc-Bbd1-0A9F84A415E7,17A0899A-73Bd-4Af5-8082-0Eb551650F26,Clientes Ausentes +30 Dias (Reativação),Reativar Clientes Que Não Compram Há Mais De 30 Dias,2026-01-14 22:46:07.613000+00:00,Admin
8D59F941-17A8-49Af-B16E-8D49C4B27B43,17A0899A-73Bd-4Af5-8082-0Eb551650F26,"Clientes Com Ticket Acima De R$ 100,00 - Valorização + Incentivo",Oferecer Vantagem Exclusiva Para Clientes De Ticket Elevado,2026-01-14 22:46:07.679000+00:00,Admin
5789C6Bb-C255-456A-833C-F1Da9217A4Ea,Aefd1124-D1D3-40A6-9B06-7F74Bfa58Fba,Pós-Segunda Compra – Estímulo À Terceira,Incentivar O Cliente A Realizar A Terceira Compra E Consolidar O Início Do Hábito De Recompra,2026-01-14 22:48:43.532000+00:00,Admin
Ca572603-D03D-4Cc7-9Aa8-E331A55518Cb,Aefd1124-D1D3-40A6-9B06-7F74Bfa58Fba,Pós-Primeira Compra – Agradecimento,"Agradecer Pela Primeira Compra, Pedir Feedback E Incentivar A Segunda",2026-01-14 22:48:43.614000+00:00,Admin
62C637A8-D580-48Db-8D28-Dd14893060Da,5F30B411-Fad3-437C-88B4-Ca78C96A13E7,Clientes Ausentes +30 Dias (Reativação),Reativar Clientes Que Não Compram Há Mais De 30 Dias,2026-01-14 22:49:15.340000+00:00,Admin
5493E867-8Ede-47B0-Aad2-11A82B469328,5F30B411-Fad3-437C-88B4-Ca78C96A13E7,Nome Do Dia – Convite Especial,Convidar Clientes Com O Nome Selecionado Para Visitar Em Dias De Baixa Demanda,2026-01-14 22:49:15.347000+00:00,Admin
919D946D-93Ad-4Bd2-99E1-Aa5590F7A21E,5F30B411-Fad3-437C-88B4-Ca78C96A13E7,Clientes Recentes – Manter Frequência,Aumentar A Recorrência De Clientes Que Compraram Nos Últimos 30 Dias,2026-01-14 22:49:15.400000+00:00,Admin
4D64F7B4-594D-4C55-Af08-5Ffc439E8Eb3,39946E25-8Ac3-43A4-8010-C883D2E0C637,Nome Do Dia – Convite Especial,Convidar Clientes Com O Nome Selecionado Para Visitar Em Dias De Baixa Demanda,2026-01-14 22:49:40.676000+00:00,Admin
86Aa0Ba9-Cdc5-4Ee6-A99C-9812B3A6Aea8,39946E25-8Ac3-43A4-8010-C883D2E0C637,Clientes Ausentes +30 Dias (Reativação),Reativar Clientes Que Não Compram Há Mais De 30 Dias,2026-01-14 22:49:40.730000+00:00,Admin
E0C29A7D-1Ec5-4Cbc-87Af-812260Efc81D,D0B78249-59B8-4C16-B40C-B084B8Aa371E,Clientes Até 5 Pedidos – Estimular Fidelização,Ajudar Novos Clientes A Criarem O Hábito De Compra,2026-01-14 22:50:09.682000+00:00,Admin
4B1E4Eae-28Fa-4640-Ab0C-1B5B10Cb1F75,D0B78249-59B8-4C16-B40C-B084B8Aa371E,Ticket Baixo – Incentivar Compras Acima De R$ 50,Estimular Aumento De Ticket Médio,2026-01-14 22:50:09.685000+00:00,Admin
B127738D-7F1B-46Ec-90Db-33820A3B43D4,D0B78249-59B8-4C16-B40C-B084B8Aa371E,Aniversariante Do Dia,Parabenizar O Cliente No Dia Do Aniversário E Oferecer Benefício Válido Por 7 Dias,2026-01-14 22:50:09.733000+00:00,Admin
856Bfc8E-394C-473E-Bc2D-7C3D546Abab4,D0B78249-59B8-4C16-B40C-B084B8Aa371E,Pós-Segunda Compra – Estímulo À Terceira,Incentivar O Cliente A Realizar A Terceira Compra E Consolidar O Início Do Hábito De Recompra,2026-01-14 22:50:09.743000+00:00,Admin
Cba21D5F-Db37-406F-99Ae-41B38B3134Be,5818Afa9-3322-45A6-Bc5B-5D19E6Ea1F25,Novo Canal Oficial Filipa,,2025-12-16 16:58:07.354000+00:00,Filipa
E175597D-9190-49Da-9715-3Ed426A6Ae0E,9E69D92E-Fff3-4500-B77A-C429Cc312Da5,7 Dias Sem Comprar,7 Dias Sem Comprar,2025-12-17 07:06:20.182000+00:00,Bolos Miraculosos - Daniel
776F08Da-F7Cc-4104-9271-8E20Bbfb43Fc,17A0899A-73Bd-4Af5-8082-0Eb551650F26,Ticket Baixo – Incentivar Compras Acima De R$ 50,Estimular Aumento De Ticket Médio,2026-01-14 22:46:07.617000+00:00,Admin
2Ef9F543-0556-46B4-84Fb-Cd4B0E140565,Aefd1124-D1D3-40A6-9B06-7F74Bfa58Fba,Nome Do Dia – Convite Especial,Convidar Clientes Com O Nome Selecionado Para Visitar Em Dias De Baixa Demanda,2026-01-14 22:48:43.535000+00:00,Admin
087Db014-91F2-41C7-B7F8-050941A8650C,5F30B411-Fad3-437C-88B4-Ca78C96A13E7,Clientes Até 5 Pedidos – Estimular Fidelização,Ajudar Novos Clientes A Criarem O Hábito De Compra,2026-01-14 22:49:15.350000+00:00,Admin
9Aa7C699-B0A7-40F9-A732-B520Ae897F08,39946E25-8Ac3-43A4-8010-C883D2E0C637,Ticket Baixo – Incentivar Compras Acima De R$ 50,Estimular Aumento De Ticket Médio,2026-01-14 22:49:40.677000+00:00,Admin
6Dd0A6E1-8A0B-400F-A8Da-Be409414F9C7,39946E25-8Ac3-43A4-8010-C883D2E0C637,Pós-Primeira Compra – Agradecimento,"Agradecer Pela Primeira Compra, Pedir Feedback E Incentivar A Segunda",2026-01-14 22:49:40.720000+00:00,Admin
F1113400-27F0-4E6A-Aa1F-E2221F8F11B3,D0B78249-59B8-4C16-B40C-B084B8Aa371E,Clientes Acima De 5 Pedidos – Valorizar Clientes Frequentes,Engajar E Reconhecer Clientes Que Já Compraram Mais De 5 Vezes,2026-01-14 22:50:09.686000+00:00,Admin
25C78Afd-9A9C-4B6C-9Fe7-80821Db92B19,D0B78249-59B8-4C16-B40C-B084B8Aa371E,"Clientes Com Ticket Acima De R$ 100,00 - Valorização + Incentivo",Oferecer Vantagem Exclusiva Para Clientes De Ticket Elevado,2026-01-14 22:50:09.742000+00:00,Admin
8538992E-E8B1-4Cc5-Babb-2353C0F4C00B,86256660-0078-49C2-88D6-E0Bf52Be1A5B,Campanha - Aniversariantes,Data De Aniversário,2026-01-19 18:53:29.682000+00:00,Polpanorte - Lucas
5Ffc0Efb-C7F1-4C7C-87De-13Ea4233158A,F28B08C9-2101-48A5-A27F-2585F2Bf6823,Ticket Baixo – Incentivar Compras Acima De R$ 50,Estimular Aumento De Ticket Médio,2026-01-29 17:04:59.453000+00:00,Admin
